age,HH,HU,HD,UH,UU,UD,lh,lu,lx,prevalence_point,Lh,Lu,Lx,prevalence_interval,prevalence
50,0.9996447647248409,3.3805436237923953e-4,1.7180912779835624e-5,0.018357436887014154,0.9807229310141444,9.19632098841373e-4,1,0,1,0,0.08331853186353502,1.4085598432468313e-5,0.08333261746196749,1.6902863322272214e-4,1.6902863322272214e-4
50.083333333333336,0.9996429090362972,3.3976589161579103e-4,1.732507208706206e-5,0.01825157809765804,0.9808233629242024,9.250589781395008e-4,0.9996447647248409,3.3805436237923953e-4,0.9999828190872201,3.380601705615443e-4,0.08328911397345341,4.205296557187647e-5,0.08333116693902529,5.046487060795307e-4,5.046487060795307e-4
50.166666666666664,0.9996410435855163,3.4148597259554575e-4,1.747044188818463e-5,0.018146323713906735,0.9809231587068812,9.305175792120677e-4,0.999293970638041,6.712168113457959e-4,0.9999651874493868,6.712401789284985e-4,0.08326005910053781,6.961974164918629e-5,0.08332967884218699,8.354735385580315e-4,8.354735385580315e-4
50.25,0.9996391683196,3.432146480429146e-4,1.761703235719857e-5,0.018041670350367342,0.9810223215623617,9.360080872710584e-4,0.9989474477748665,9.99656988234675e-4,0.9999471047631012,9.997098681249796e-4,0.08323135329772359,9.679984184583803e-5,0.08332815313956943,0.0011616703142778692,0.0011616703142778692
50.333333333333336,0.9996372831853514,3.4495196089495933e-4,1.7764853753710077e-5,0.017937614639849758,0.9811208546715422,9.415306886080369e-4,0.9986050313704998,0.001323539216065438,0.9999285705865653,0.0013236337624486921,0.08320298304338947,1.2360674611057042e-4,0.08332658978950004,0.00148340099388234,0.00148340099388234
50.416666666666664,0.9996353881292738,3.466979543024444e-4,1.7913916423657862e-5,0.017834153233277642,0.9812187611961221,9.470855706004088e-4,0.9982665616708476,0.0016430226905882518,0.9999095843614358,0.0016431712589669017,0.08317493522589961,1.5005351476850805e-4,0.08332498874066811,0.0018008225027850739,0.0018008225027850739
50.5,0.9996334830975692,3.4845267163088867e-4,1.8064230800040607e-5,0.017731282799599755,0.9813160442786826,9.526729217177324e-4,0.9979318837507432,0.0019582616638559418,0.9998901454145991,0.001958476811514088,0.08314719712874893,1.761528035205099e-4,0.08332334993226945,0.002114086911576385,0.002114086911576385
50.583333333333336,0.9996315680361347,3.502161564616255e-4,1.8215807403650507e-5,0.0176290000257017,0.9814127070427703,9.582929315280484e-4,0.9976008473392314,0.0022694056206362958,0.9998702529598676,0.002269700107507233,0.08311975641628618,2.0191687785837696e-4,0.08332167329414455,0.002423341609398124,0.002423341609398124
50.666666666666664,0.9996296428905633,3.5198845259286566e-4,1.8368656843813296e-5,0.017527301616317926,0.9815087525929778,9.639457907042636e-4,0.997273306651637,0.002576599447964752,0.9998499060996018,0.002576986237880468,0.08309260111999055,2.273576269203696e-4,0.08331995874691092,0.002728729470581967,0.002728729470581967
50.75,0.9996277076061401,3.5376960404076747e-4,1.852278981913425e-5,0.017426184293943988,0.9816041840150254,9.696316910305644e-4,0.9969491202281362,0.002879983598124119,0.9998291038262603,0.002880475860427215,0.08306571962527877,2.5248657681038755e-4,0.08331820620208916,0.00303038901483283,0.00303038901483283
50.833333333333336,0.9996257621278413,3.555596550405109e-4,1.867821711825058e-5,0.017325644798749335,0.9816990043758417,9.753508254088591e-4,0.9966281507785544,0.003179694245325182,0.9998078450238795,0.003180305356825078,0.08303910065882045,2.7731490340312463e-4,0.08331641556222358,0.0033284545612264882,0.0033284545612264882
50.916666666666664,0.9996238064003319,3.573586500473757e-4,1.8834949620590102e-5,0.017225679888490223,0.9817932167236444,9.811033878652728e-4,0.9963102650331367,0.0034758634363498096,0.9997861284694864,0.0034766069836063875,0.08301273327634062,3.018534446565156e-4,0.08331458672099713,0.0036230563762784866,0.0036230563762784866
51,0.9996218403679651,3.5916663373782845e-4,1.899299829713654e-5,0.017126286338423044,0.9818868240880204,9.868895735566697e-4,0.9959953335990382,0.003768619235406565,0.9997639528344449,0.003769509017325639,0.08298660685088917,3.2611271245184555e-4,0.08331271956334102,0.003914320816329954,0.003914320816329954
51.083333333333336,0.9996198639747783,3.6098365101061076e-4,1.9152374211201044e-5,0.01702746094121803,0.9819798294800047,9.927095787772141e-4,0.995683230822302,0.004058085863437728,0.9997413166857397,0.004059135894163863,0.08296071106155813,3.5010290398099176e-4,0.08331081396553912,0.004202370464485069,0.004202370464485069
51.166666666666664,0.9996178771644928,3.628097469878352e-4,1.9313088519200206e-5,0.016929200506873188,0.9820722358921619,9.985636009649666e-4,0.9953738346550931,0.0043443838321060736,0.9997182184871992,0.004345608344199342,0.08293503588262793,3.7383391269940706e-4,0.08330886979532734,0.004487324262324524,0.004487324262324524
51.25,0.9996158798805125,3.6464496701608576e-4,1.9475152471440976e-5,0.016831501862628613,0.9821640462986629,0.001004451838708531,0.9950670265279775,0.004627630072679696,0.9996946566006573,0.004629043520563971,0.08290957157312562,3.973153388626355e-4,0.08330688691198826,0.00476929763660944,0.00476929763660944
51.333333333333336,0.9996138720659196,3.664893566675234e-4,1.9638577412911793e-5,0.01673436185288116,0.9822552636553651,0.0010103744917537238,0.9947626912270374,0.004907938060023555,0.999670629287061,0.00490955512369486,0.08288430866677746,4.2055649966336856e-4,0.08330486516644083,0.005048402621180747,0.005048402621180747
51.416666666666664,0.9996118536634748,3.683429617409975e-4,1.980337478408064e-5,0.01663777733909938,0.9823458908998902,0.001016331761010285,0.9944607167756215,0.00518541793189729,0.9996461347075188,0.0051872535208816305,0.08285923796234039,4.4356643898530855e-4,0.0833028044013257,0.005324747974250066,0.005324747974250066
51.5,0.9996098246156152,3.702058282631627e-4,1.996955612169983e-5,0.01654174519973882,0.9824359309517026,0.001022323848558643,0.9941609943205479,0.005460176603750117,0.999621170924298,0.005462245861301011,0.08283435051429672,4.663539367893932e-4,0.08330070445108612,0.005598439291269555,0.005598439291269555
51.583333333333336,0.9996077848644507,3.7207800248959964e-4,2.0137133059617324e-5,0.016446262330157634,0.9825253867121857,0.001028350957656694,0.9938634180225734,0.0057323178791953205,0.9995957359017688,0.00573463618672203,0.0828096376238971,4.889275181472585e-4,0.08329856514204437,0.005869579113559974,0.005869579113559974
51.666666666666664,0.9996057343517644,3.7395953090594344e-4,2.0306117329595406e-5,0.016351325642532596,0.9826142610647208,0.001034413292746641,0.9935678849509572,0.0060019425563388835,0.9995698275072961,0.006004525538057094,0.0827850908305381,5.112954619361745e-4,0.08329638629247428,0.0061382670328685,0.0061382670328685
51.75,0.9996036730190089,3.7585046022901663e-4,2.04765207621358e-5,0.016256932065775276,0.9827025568747629,0.0010405110594618602,0.9932742949819574,0.006269148530129304,0.9995434435120867,0.0062720120579266205,0.08276070190346053,5.334658092090688e-4,0.0832941677126696,0.006404599792020313,0.006404599792020313
51.833333333333336,0.9996016008073046,3.777508374079664e-4,2.0648355287311835e-5,0.016163078545448753,0.9827902769899175,0.0010466444646338121,0.9929825507010956,0.006534030890888349,0.999516581591984,0.006537191089397682,0.0827364628337558,5.554463712526676e-4,0.08329190920500847,0.006668671381820934,0.006668671381820934
51.916666666666664,0.9995995176574389,3.796607096254092e-4,2.0821632935607943e-5,0.0160697620436845,0.9828774242400166,0.0010528137162989911,0.9926925573090436,0.006796682019175675,0.9994892393282193,0.00680015527105013,0.08271236582666783,5.772447373462213e-4,0.08328961056401404,0.006930573134359504,0.006930573134359504
52,0.9995974235098626,3.815801242985791e-4,2.099636583876589e-5,0.015976979539099618,0.9829640014371945,0.0010590190237059146,0.9924042225309843,0.007057191677133636,0.9994614142081178,0.007060994628517111,0.08268840329417888,5.988682822327494e-4,0.08328727157641164,0.007190393812856743,0.007190393812856743
52.083333333333336,0.9995953183046888,3.8350912908048396e-4,2.1172566230638352e-5,0.015884728026714492,0.9830500113759634,0.001065260597322153,0.9921174565293092,0.007315647096452352,0.9994331036257615,0.007319796662640566,0.08266456784786787,6.203241733142279e-4,0.0832848920211821,0.00744821969819519,0.00744821969819519
52.166666666666664,0.9995932019816909,3.8544777186106326e-4,2.1350246448049496e-5,0.015793004517870683,0.9831354568332878,0.001071538648841399,0.9918321718195197,0.007572133063089119,0.9994043048826088,0.0075766464343762765,0.08264085229203014,6.416193775816514e-4,0.0832824716696118,0.00770413467226341,0.00770413467226341
52.25,0.9995910744802999,3.8739610076835826e-4,2.1529418931663174e-5,0.01570180604014913,0.9832203405686603,0.0010778533911905796,0.9915482831892036,0.007826731998870518,0.9993750151880741,0.007831626646577302,0.08261724961704878,6.627606682904448e-4,0.08328001028533923,0.007958220298240266,0.007958220298240266
52.333333333333336,0.9995889357396034,3.893541641696783e-4,2.1710096226858188e-5,0.015611129637288796,0.9833046653241742,0.0010842050385370073,0.9912657076199674,0.008079524040100159,0.9993452316600675,0.008084817722779159,0.0825937529930072,6.837546313912459e-4,0.08327750762439844,0.008210555897939975,0.008210555897939975
52.416666666666664,0.9995867856983426,3.913220106727825e-4,2.1892290984610773e-5,0.015520972369105535,0.9833884338245991,0.0010905938062955717,0.9909843642122056,0.008330587113289743,0.9993149513254953,0.00833629788310484,0.08257035576353347,7.046076717256641e-4,0.08327496343525914,0.0084612186263336,0.0084612186263336
52.5,0.9995846242949106,3.9329968912705984e-4,2.207601596238511e-5,0.015431331311411276,0.9834716487774526,0.0010970199111359751,0.990704174112598,0.008579997008126197,0.9992841711207242,0.008586143217402812,0.0825470514398676,7.253260189962101e-4,0.0832723774588638,0.008710283543357676,0.008710283543357676
52.583333333333336,0.9995824514673503,3.952872486247193e-4,2.2261284025030795e-5,0.015342203555933654,0.9835543128730765,0.0011034835709900076,0.9904250604442243,0.008827827447782845,0.9992528878920072,0.008834427755726336,0.08252383369514255,7.459157335192063e-4,0.08326974942866175,0.00895782368311606,0.00895782368311606
52.666666666666664,0.9995802671533525,3.972847385019829e-4,2.2448108145688123e-5,0.015253586210235818,0.9836364287847055,0.0011099850050588639,0.9901469482391968,0.00907415015667811,0.9992210983958749,0.00908122353625792,0.08250069635887122,7.663827117691202e-4,0.08326707907064035,0.009203910120576619,0.009203910120576619
52.75,0.9995780712902531,3.992922083402869e-4,2.2636501406701076e-5,0.015165476397636664,0.9837179991685427,0.001116524433820504,0.9898697643737125,0.009319034925780777,0.9991887992994933,0.009326600670778258,0.08247763341163088,7.86732691722403e-4,0.08326436610335328,0.00944861203586007,0.00944861203586007
52.833333333333336,0.999575863815032,4.013097079674868e-4,2.2826477000537764e-5,0.015077871257131385,0.9837990266638316,0.0011231020790370546,0.9895934375054286,0.009562549675556895,0.9991559871809855,0.009570627407775069,0.0824546389799376,8.069712580085896e-4,0.08326161023794619,0.009691996776214342,0.009691996776214342
52.916666666666664,0.9995736446643102,4.033372874590678e-4,2.3018048230719022e-5,0.014990767943312267,0.9838795138929254,0.0011297181637622518,0.9893178980130737,0.009804760516649257,0.9991226585297229,0.009813370193283006,0.08243170733130337,8.271038468760823e-4,0.08325881117817945,0.009934129915763805,0.009934129915763805
53,0.9995714137743479,4.0537499713936626e-4,2.321122851275457e-5,0.014904163626289902,0.9839594634613611,0.001136372912348931,0.9890430779382072,0.010045731808376718,0.999088809746584,0.010054893729542212,0.08240883286946882,8.47135750979738e-4,0.08325596862044855,0.01017507531311902,0.01017507531311902
53.083333333333336,0.9995691710810422,4.074228875827876e-4,2.3406031375087e-5,0.0148180554916147,0.9840388779579288,0.001143066550456555,0.9887689109290443,0.010285526215136995,0.9990544371441813,0.010295261031559396,0.0823860101298046,8.67072123997086e-4,0.08325308225380168,0.010414895166929294,0.010414895166929294
53.166666666666664,0.9995669165199249,4.09481009615039e-4,2.3602470460044127e-5,0.014732440740198697,0.9841177599547426,0.0011497993050587877,0.988495332186266,0.01052420476079307,0.999019536947059,0.010534533481651799,0.08236323377487528,8.869179850797154e-4,0.083250151759955,0.01065365006945658,0.01065365006945658
53.25,0.9995646500261608,4.115494143143638e-4,2.3800559524798993e-5,0.014647316588237676,0.9841961120073112,0.0011565714044511105,0.9882222784107408,0.0107618268811201,0.998984105291861,0.01077277088205117,0.08234049859015932,9.06678223146109e-4,0.08324717681330543,0.010891399058246432,0.010891399058246432
53.333333333333336,0.9995623715345449,4.1362815301278146e-4,2.400031244233821e-5,0.014562680267133693,0.9842739366546078,0.001163383078258485,0.9879496877530829,0.010998450474386516,0.9989481382274694,0.011010031505641657,0.08231779947991916,9.263576010219389e-4,0.0832441570809411,0.011128199665968268,0.011128199665968268
53.416666666666664,0.9995600809795003,4.1571727729733545e-4,2.420174320243821e-5,0.014478529023417851,0.9843512364191389,0.0011702345574430525,0.987677499764977,0.011234131950140017,0.998911631715117,0.01124637214490252,0.08229513146321586,9.459607594335929e-4,0.08324109222264946,0.01136410796849446,0.01136410796849446
53.5,0.9995577782950761,4.178168390113459e-4,2.4404865912650216e-5,0.014394860118673362,0.9844280138070147,0.00117712607431189,0.9874056553522038,0.011468926276266212,0.99887458162847,0.011481848159123608,0.08227248967006269,9.654922208604677e-4,0.08323798189092316,0.011599178631284807,0.011599178631284807
53.583333333333336,0.9995554634149451,4.1992689025566855e-4,2.460969479929308e-5,0.014311670829459075,0.9845042713080161,0.0011840578625247958,0.9871340967293007,0.011702887024385013,0.9988369837536858,0.011716513519958886,0.08224986933771239,9.849563932513372e-4,0.08323482573096373,0.011833464954140331,0.011833464954140331
53.666666666666664,0.9995531362724017,4.220474833899585e-4,2.4816244208454566e-5,0.014228958447233181,0.9845800113956648,0.0011910301571021321,0.9868627673757968,0.011936066413647079,0.9987988337894439,0.011950420855380487,0.0822272658070733,0.001004357573609889,0.0832316233806832,0.012067018914387596,0.012067018914387596
53.75,0.9995507968003592,4.2417867103394325e-4,2.502452860700147e-5,0.014146720278277264,0.98465523652729,0.0011980431944327106,0.9865916119939625,0.012168515352990258,0.9987601273469527,0.012183621492093384,0.08220467451924914,0.0010236999514543197,0.08322837447070346,0.012299891208552488,0.012299891208552488
53.833333333333336,0.9995484449313476,4.2632050606869893e-4,2.523456258359779e-5,0.014064953643620771,0.9847299491440974,0.0012050972122817092,0.9863205764680167,0.012400283481913417,0.9987208599499302,0.012416165496468245,0.08218209101219809,0.001042987612155676,0.08322507862435377,0.012532131292579775,0.012532131292579775
53.916666666666664,0.9995460805975122,4.284730416379327e-4,2.5446360849731758e-5,0.013983655878965684,0.9848041516712356,0.0012121924497986577,0.9860496078247373,0.012631419209822806,0.9986810270345601,0.012648101714047769,0.08215951091750669,0.0010622245401594442,0.08322173545766613,0.012763787420652681,0.012763787420652681
54,0.99954370373061,4.306363311492735e-4,2.5659938240751574e-5,0.013902824334611557,0.984877846517863,0.0012193291475254549,0.9857786541954232,0.012861969754003853,0.9986406239494271,0.012879477807679498,0.08213692995727415,0.00108141462209471,0.08321834457936886,0.012994906682664412,0.012994906682664412
54.083333333333336,0.9995413142620075,4.3281042827556643e-4,2.587530971690957e-5,0.013822456375380885,0.9849510360772146,0.0012265075474044253,0.9855076647791565,0.01309198117626919,0.9985996459554257,0.013110340294326095,0.08211434394110304,0.001100561649775035,0.08321490559087807,0.013225535040391577,0.013225535040391577
54.166666666666664,0.9995389121226793,4.349953869561753e-4,2.609249036441575e-5,0.01374254938054478,0.9850237227266688,0.0012337278927864405,0.9852365898073164,0.013321498418331648,0.9985580882256481,0.013340734580601922,0.08209174876319236,0.0011196693230950306,0.08321141808628739,0.0134557173624174,0.0134557173624174
54.25,0.999536497243205,4.371912613982904e-4,2.631149539649975e-5,0.013663100743748938,0.9850959088278118,0.0012409904284390763,0.9849653805093003,0.013550565335949087,0.9985159458452494,0.013570704997082902,0.08206914039952945,0.0011387412528264583,0.0832078816523559,0.013685497457850696,0.013685497457850696
54.333333333333336,0.9995340695537674,4.3939810607824165e-4,2.6532340154481807e-5,0.013584107872939987,0.9851675967265053,0.0012482954005548087,0.9846939890794064,0.013779224731885916,0.9984732138112923,0.013800294831434644,0.08204651490517674,0.0011577809633175212,0.08320429586849426,0.01391491810888482,0.01391491810888482
54.416666666666664,0.9995316289841484,4.4161597574282087e-4,2.6755040108853183e-5,0.013505568190292083,0.9852387887529487,0.0012556430567592757,0.9844223686448356,0.014007518387734593,0.9984298870325702,0.014029546360402219,0.08202386841165017,0.001176791895098876,0.08320066030674905,0.014144021102238984,0.014144021102238984
54.5,0.999529175463729,4.438449254106077e-4,2.6979610860365208e-5,0.013427479132133841,0.9853094872217465,0.0012630336461195734,0.9841504732347686,0.014235487094638436,0.998385960329407,0.014258500880703077,0.0820011971243856,0.001195777407399755,0.08319697453178536,0.014372847259522748,0.014372847259522748
54.583333333333336,0.9995267089214854,4.4608501037330295e-4,2.7206068141127876e-5,0.013349838148875626,0.9853796944319716,0.001270467419152602,0.983878257750486,0.014463170682955688,0.9983414284334416,0.014487198738863045,0.08197849732029047,0.0012147407805774462,0.08319323810086791,0.0146014364665627,0.0146014364665627
54.666666666666664,0.9995242292859873,4.483362861970679e-4,2.74344278157174e-5,0.013272642704937108,0.9854494126672294,0.001277944627833456,0.9836056779364853,0.014690608050903019,0.9982962859873884,0.014715679360033807,0.08195576534537707,0.001233685218463261,0.08318945056384033,0.014829827701729076,0.014829827701729076
54.75,0.9995217364853938,4.505988087238705e-4,2.7664705882293594e-5,0.013195890278675099,0.985518644195721,0.0012854655256038779,0.9833326903525644,0.014917837192215245,0.9982505275447797,0.014943981275828635,0.08193299761247488,0.0012526138506279924,0.08318561146310288,0.015058059063298362,0.015058059063298362
54.833333333333336,0.9995192304474534,4.5287263407283785e-4,2.7896918473726262e-5,0.013119578362311831,0.9855873912703075,0.0012930303673807388,0.9830592523468328,0.015144895222856574,0.9982041475696893,0.015172142151211846,0.08191019059901888,0.0012715297345697462,0.08318172033358863,0.015286167795886577,0.015286167795886577
54.916666666666664,0.9995167110994997,4.5515781864161335e-4,2.813108185873114e-5,0.013043704461863431,0.9856556561285721,0.00130063940956458,0.9827853220296204,0.015371818406817337,0.9981571404364378,0.015400198810475982,0.08188734084491123,0.0012904358578269223,0.08317777670273815,0.015514190315986675,0.015514190315986675
55,0.9995141783684492,4.574544191077262e-4,2.836721244301581e-5,0.012968266097068696,0.985723440992883,0.0013082929100482086,0.9825108582482489,0.0155986421810288,0.9981095004292777,0.01562818726233942,0.08186444495045349,0.0013093351400190094,0.0831737800904725,0.015742162236642085,0.015742162236642085
55.083333333333336,0.9995116321807997,4.59762492429958e-4,2.8605326770434914e-5,0.012893260801318302,0.9857907480704562,0.0013159911282253276,0.9822358205626349,0.015825401179427424,0.9980612217420624,0.01585614272419585,0.08184149957434722,0.0013282304348177553,0.08316973000916497,0.015970118391287185,0.015970118391287185
55.166666666666664,0.9995090724626261,4.6208209584972486e-4,2.8845441524155137e-5,0.012818686121584216,0.9858575795534167,0.0013237343249992248,0.9819601692216983,0.016052129256198703,0.998012298477897,0.016084099645545812,0.08181850143175998,0.0013471245318511776,0.08316562596361116,0.016198092856784453,0.016198092856784453
55.25,0.9995064991395797,4.644132868924608e-4,2.9087573527830392e-5,0.012744539618349421,0.985923937618859,0.0013315227627915109,0.9816838651405413,0.016278859508229555,0.9979627246487709,0.016312091730639376,0.08179544729245497,0.0013660201585427771,0.08316146745099774,0.016426118975686594,0.016426118975686594
55.333333333333336,0.999503912136884,4.667561233690098e-4,2.933173974678644e-5,0.012670818865538025,0.985989824428911,0.0013393567055509077,0.9814068698783779,0.016505624296797097,0.997912494175175,0.016540151960357834,0.08177233397898157,0.001384919981888241,0.0831572539608698,0.01665422937775127,0.01665422937775127
55.416666666666664,0.9995013113793337,4.6911066337702363e-4,2.957795728921597e-5,0.012597521450445614,0.9860552421307923,0.001347236418762082,0.9811291456171799,0.016732455268520685,0.9978616008857006,0.016768312613361393,0.08174915836492501,0.0014038266101718128,0.08315298497509682,0.016882456000734545,0.016882456000734545
55.5,0.9994986967912901,4.7147696530236666e-4,2.9826243407383488e-5,0.012524644973669924,0.9861201928568755,0.0013551621694545366,0.9808506551410204,0.016959383375602825,0.9978100385166233,0.01699660528652848,0.08172591737321272,0.0014227425946244457,0.08314865996783717,0.01711083011048859,0.01711083011048859
55.583333333333336,0.9994960682966805,4.7385508782052843e-4,3.007661549884042e-5,0.012452187049041833,0.9861846787247466,0.0013631342262115462,0.9805713618160848,0.017186438895383873,0.9977578007114687,0.017225060914711748,0.08170260797447565,0.0014416704310257567,0.08314427840550141,0.017339382320387852,0.017339382320387852
55.666666666666664,0.9994934258189944,4.76245089898039e-4,3.0329091107650603e-5,0.012380145303556672,0.9862487018372642,0.0013711528591791508,0.9802912295713307,0.017413651449234287,0.997704881020565,0.017453709789834487,0.08167922718546256,0.0014606125612517354,0.0831398397467143,0.0175681426101072,0.0175681426101072
55.75,0.9994907692812804,4.7864703079389864e-4,3.0583687925626134e-5,0.012308517377305792,0.9863122642826191,0.0013792183400751928,0.9800102228797707,0.017641050020807368,0.9976512729005781,0.01768258157935053,0.08165577206750528,0.001479571374770079,0.08313534344227536,0.017797140343774637,0.017797140343774637
55.833333333333336,0.9994880986061454,4.81060970061005e-4,3.084042379357342e-5,0.012237300923408492,0.9863753681343931,0.001387330942198412,0.9797283067403562,0.017868662973674527,0.9975969697140307,0.017911705344089732,0.08163223972503336,0.0014985492100849532,0.08313078893511831,0.018026404287520194,0.018026404287520194
55.916666666666664,0.9994854137157498,4.834869675475943e-4,3.109931670255002e-5,0.012166493607944239,0.9864380154516181,0.0013954909404375933,0.9794454466604448,0.01809651806836435,0.9975419647288091,0.018141109555510335,0.08160862730413632,0.0015175483561329244,0.08312617566026924,0.018255962626441958,0.018255962626441958
56,0.9994827145318063,4.859250833986861e-4,3.1360384795132096e-5,0.012096093109885128,0.986500208278834,0.0014036986112807583,0.9791616086388268,0.01832464247882584,0.9974862511176527,0.018370822112378633,0.0815849319911717,0.0015365710536317213,0.08312150304480342,0.018485842981009283,0.018485842981009283
56.083333333333336,0.9994800009755757,4.883753780575357e-4,3.1623646366692387e-5,0.01202609712102877,0.9865619486461469,0.001411954232824419,0.978876759149294,0.018553062808335474,0.9974298219576294,0.018600870356895748,0.08156115101141767,0.0015556194963834394,0.08311677050780111,0.01871607242292256,0.01871607242292256
56.166666666666664,0.9994772729678663,4.908379122670929e-4,3.188911986668904e-5,0.011956503345931352,0.9866232385692857,0.0014202580847828801,0.9785908651247303,0.018781805104867072,0.9973726702295973,0.018831281090290412,0.08153728162776831,0.001574695832533735,0.08311197746030205,0.018946677490448104,0.018946677490448104
56.25,0.9994745304290286,4.933127470714689e-4,3.2156823899965574e-5,0.01188730950184108,0.9866840800496612,0.0014286104484975942,0.9783038939417094,0.019010894875942565,0.9973147888176519,0.019062080587896005,0.08151332113947027,0.0015938021657884945,0.08310712330525877,0.01917768420324619,0.01917768420324619
56.333333333333336,0.9994717732789546,4.95799943817409e-4,3.2426777228061456e-5,0.011818513318631907,0.9867444750744214,0.0014370116069465724,0.9780158134055774,0.019240357102981307,0.9972561705085587,0.019293294613729525,0.08148926688089941,0.0016129405565894182,0.08310220743748883,0.019409118076709392,0.019409118076709392
56.416666666666664,0.9994690014370738,4.98299564155771e-4,3.269899877053395e-5,0.011750112538737525,0.9868044256165086,0.0014454618447538436,0.9777265917360085,0.019470216255164728,0.9971968079911733,0.019524948434589323,0.08146511622037592,0.0016321130232498885,0.08309722924362581,0.01964100413582784,0.01964100413582784
56.5,0.9994662148223508,5.008116700430173e-4,3.2973507606291294e-5,0.011682104917085706,0.9868639336347154,0.0014539614481989787,0.9774361975530138,0.0197004963028326,0.9971366938558464,0.019757066833687952,0.08144086655901685,0.0016513215430524653,0.08309218810206931,0.01987336692859748,0.01987336692859748
56.583333333333336,0.9994634133532824,5.033363237427018e-4,3.325032297493671e-5,0.011614488221032912,0.9869230010737405,0.0014625107052266546,0.9771445998633905,0.01993122073042657,0.997075820593817,0.019989674123835798,0.08141651532962443,0.0016705680533092744,0.0830870833829337,0.02010623053898668,0.02010623053898668
56.666666666666664,0.9994605969478948,5.058735878269778e-4,3.352946427812426e-5,0.011547260230299233,0.9869816298642445,0.0014711099054562848,0.976851768047596,0.020162412548996013,0.997014180596592,0.020222794160190637,0.08139205999560944,0.0016898544523865314,0.08308191444799598,0.020339618599475983,0.020339618599475983
56.75,0.9994577655237409,5.084235251781028e-4,3.381095108092584e-5,0.01148041873690352,0.9870398219229048,0.001479759340191703,0.9765576718470306,0.020394094308280746,0.9969517661553113,0.020456450352587696,0.08136749804994789,0.001709182600694387,0.08307668065064228,0.020573554303185478,0.020573554303185478
56.833333333333336,0.9994549189978967,5.109861989899545e-4,3.409480311320977e-5,0.011413961545099,0.9870975791524701,0.0014884593024308917,0.9762622813517188,0.020626288108384544,0.9968885694601033,0.0206906656774642,0.08134282701417041,0.0017285543216432283,0.08307138133581364,0.020808060415603274,0.020808060415603274
56.916666666666664,0.9994520572869593,5.135616727695538e-4,3.4381040271031086e-5,0.011347886471309012,0.9871549034418151,0.0014972100868757795,0.9759655669883711,0.020859015611052942,0.9968245825994241,0.020925462689391938,0.0813180444373829,0.0017479714025675525,0.08306601583995045,0.021043159285928686,0.021043159285928686
57,0.9994491803070433,5.161500103385953e-4,3.46696826180338e-5,0.011282191344063091,0.9872117966659948,0.0015060119899420938,0.9756674995088187,0.021092298050568316,0.996759797559387,0.021160863532230928,0.08129314789531761,0.0017674355956184596,0.08306058349093606,0.02127887285804259,0.02127887285804259
57.083333333333336,0.9994462879737781,5.187512758349833e-4,3.496075038686445e-5,0.0112168740039334,0.9872682606862974,0.0015148653097692532,0.9753680499788039,0.021326156244274714,0.9966942062230786,0.02139688994991662,0.08126813498941342,0.0017869486186258003,0.08305508360803922,0.021515222681117555,0.021515222681117555
57.166666666666664,0.999443380202305,5.213655337143764e-4,3.525426398059815e-5,0.011151932303471411,0.9873242973502983,0.0015237703462303374,0.9750671897671183,0.0215606106027445,0.9966278003698628,0.021633563296892835,0.08124300334592469,0.0018065121559309547,0.08304951550185564,0.021752229919879427,0.021752229919879427
57.25,0.9994404569072741,5.2399284875174e-4,3.55502439741765e-5,0.011087364107144828,0.987379908491913,0.0015327274009421037,0.9747648905350744,0.021795681139598417,0.9965605716746728,0.02187090454820203,0.08121775061505734,0.0018261278591911944,0.08304387847424854,0.02198991536453186,0.02198991536453186
57.333333333333336,0.9994375180028413,5.266332860429053e-4,3.584871111585758e-5,0.011023167291274907,0.9874350959314501,0.00154173677727506,0.9744611242263018,0.02203138748099025,0.996492511707292,0.022108934309244176,0.08119237447013154,0.0018457973481565484,0.0830381718182881,0.022228299440354912,0.022228299440354912
57.416666666666664,0.9994345634026651,5.292869110061344e-4,3.614968632867814e-5,0.010959339743974002,0.9874898614756625,0.0015507987803635923,0.9741558630568553,0.022267748874766916,0.9964236119316222,0.022347672825215024,0.08116687260677008,0.0018655222114200506,0.08303239481819014,0.022467402216988272,0.022467402216988272
57.5,0.9994315930199043,5.319537893836954e-4,3.6453190711928513e-05,0.010895879365083351,0.9875442069178005,0.0015599137171161677,0.9738490795056267,0.0225047841993143,0.9963538637049411,0.022587139990234272,0.08114124274211149,0.0018853040071422182,0.08302654674925371,0.022707243417409317,0.022707243417409317
57.583333333333336,0.9994286067672139,5.346339872434431e-4,3.67592455426395e-5,0.010832784066111307,0.9875981340376632,0.0015690818962255666,0.9735407463050488,0.022742511972098933,0.9962832582771478,0.022827355356173598,0.08111548261404716,0.0019051442637505866,0.08302062687779775,0.022947842426616034,0.022947842426616034
57.666666666666664,0.9994256045567425,5.373275709804088e-4,3.706787227708215e-5,0.010770051770171681,0.987651644601649,0.0015783036281792004,0.9732308364320833,0.022980950357915145,0.9962117867899984,0.0230683381411944,0.08108958998048185,0.0019250444806150906,0.08301463446109694,0.023189218300024222,0.023189218300024222
57.75,0.9994225863001295,5.400346073183947e-4,3.7379092552280275e-5,0.010707680411922464,0.9877047403628081,0.0015875792252694765,0.9729193230994815,0.02322011717684703,0.9961394402763285,0.023310107238004533,0.08106356261861639,0.0019450061287000502,0.08300856874731644,0.02343138977158825,0.02343138977158825
57.833333333333336,0.9994195519085008,5.427551633115776e-4,3.769292818753534e-5,0.01064566793750486,0.9877574230608911,0.0015969090016042116,0.9726061797473121,0.023460029911954183,0.9960662096592663,0.02355268122184305,0.08103739832425234,0.001965030651193503,0.08300242897544585,0.02367437526165418,0.02367437526165418
57.916666666666664,0.9994165012924678,5.45489306346123e-4,3.8009401185964733e-5,0.010584012304482505,0.9878096944224004,0.0016062932731171296,0.9722913800347441,0.02370070571668989,0.995992085751434,0.02379607835820172,0.08101109491111765,0.001985119464114585,0.08299621437523223,0.02391819288455384,0.02391819288455384
58,0.9994134343621222,5.48237104141801e-4,3.832853373605277e-5,0.010522711481781064,0.9878615561606404,0.0016157323575783967,0.9719748978320796,0.023942161422060147,0.9959170592541398,0.024040316610291688,0.08098465021021273,0.0020052739568996547,0.08298992416711239,0.024162860455948138,0.024162860455948138
58.08333333333333,0.9994103510270331,5.509986247536146e-4,3.865034821321472e-5,0.010461763449628072,0.9879130099757667,0.0016252265746052278,0.971656707213026,0.02418441354353157,0.9958411207565576,0.024285413646263427,0.08095806206917616,0.002025495492967814,0.08298355756214397,0.024408395499927554,0.024408395499927554
58.166666666666664,0.9994072511962451,5.537739365734325e-4,3.8974867181374435e-5,0.010401166199493056,0.9879640575548344,0.0016347762456725477,0.9713367824472019,0.024427478287695974,0.9957642607348979,0.024531386846187782,0.08093132835166958,0.002045785410266461,0.08297711376193603,0.024654815255877472,0.024654815255877472
58.25,0.9994041347782737,5.565631083316324e-4,3.9302113394554825e-5,0.010340917734027951,0.9880147005718485,0.0016443816941237195,0.971015097992868,0.02467137155869909,0.9956864695515671,0.024778253308805606,0.08090444693678103,0.0020661450217974936,0.08297059195857853,0.024902136685115813,0.024902136685115813
58.33333333333333,0.9994010016811029,5.593662090987493e-4,3.963210979848214e-5,0.010281016067007773,0.988064940687811,0.0016540432451813275,0.9706916284898771,0.02491610896444076,0.9956077374543179,0.02502602985805341,0.08087741571844632,0.0020865756161247595,0.08296399133457108,0.02515037647731015,0.02515037647731015
58.416666666666664,0.9993978518121807,5.621833082871337e-4,3.996487953220379e-5,0.010221459223271607,0.9881147795507704,0.0016637612259580259,0.9703663487528349,0.02516170582255347,0.9955280545753884,0.02527473304937189,0.08085023260488752,0.0021070784578633168,0.08295731106275084,0.025399551056681114,0.025399551056681114
58.5,0.9993946850784176,5.650144756526172e-4,4.030044592971954e-5,0.010162245238663839,0.9881642187958686,0.0016735359654674478,0.9700392337644657,0.025408177166166133,0.9954474109306318,0.02552437917580431,0.08082289551806847,0.002127654788151067,0.08295055030621953,0.025649676587998934,0.025649676587998934
58.58333333333333,0.9993915013861822,5.678597812961832e-4,4.063883252162691e-5,0.010103372159975702,0.9882132600453891,0.0016833677946351746,0.9697102586691777,0.02565553774945948,0.9953657964186372,0.025774984273891115,0.08079540239316654,0.0021483058251032883,0.08294370821826984,0.02590076898237937,0.02590076898237937
58.666666666666664,0.9993883006412976,5.707192956656518e-4,4.09800630367802e-5,0.010044838044887048,0.9882619049088032,0.0016932570463097704,0.9693793987668197,0.025903802053019443,0.9952832008198391,0.026026564129367248,0.08076775117806015,0.002169032764250583,0.08293678394231073,0.026152843902885376,0.026152843902885376
58.75,0.9993850827490387,5.735930895573632e-4,4.132416140396356e-5,0.00998664096190846,0.9883101549828175,0.0017032040552738795,0.969046629506624,0.026152984288994555,0.9951996137956186,0.026279134282668162,0.08073993983283147,0.002189836778960742,0.08292977661179221,0.02640591676994048,0.02640591676994048
58.83333333333333,0.9993818476141286,5.764812341178795e-4,4.1671151753578326e-5,0.009928778990323586,0.9883580118514211,0.0017132091582553828,0.9687119264813312,0.026403098406063252,0.9951150248873945,0.026532710034250544,0.08071196632928414,0.002210719020845001,0.08292268535012914,0.026660002766559682,0.026660002766559682
58.916666666666664,0.9993785951407349,5.793838008456861e-4,4.202105841934467e-5,0.009871250220131756,0.9884054770859296,0.0017232726939386245,0.9683752654214883,0.026654158094216767,0.9950294235157051,0.026787306449733414,0.08068382865047527,0.0022316806201491558,0.08291550927062442,0.02691511684340342,0.02691511684340342
59,0.9993753252324671,0.00058230086159290575,4.2373905940017315e-5,0.009814052751990933,0.9884525522450335,0.0017333950029756935,0.9680366221899183,0.026906176789362968,0.9949427989792812,0.027042938364865,0.08065552479026133,0.0022527226861299814,0.08290824747639132,0.027171273723660114,0.027171273723660114
59.08333333333333,0.9993720377923718,5.852324885670184e-4,4.2729719061116094e-5,0.00975718469716083,0.9884992388748413,0.0017435764279977782,0.9676959727763537,0.02715916767775658,0.9948551404541103,0.02729962039032089,0.08062705275285761,0.002273846307417389,0.08290089906027501,0.027428487907762453,0.027428487907762453
59.166666666666664,0.9993687327229308,5.881787543325908e-4,4.30885227366711e-5,0.009700644177446371,0.9885455385089271,0.001753817313626584,0.9673532932922292,0.027413143700260757,0.9947664369924899,0.027557366916338488,0.08059841055241079,0.0022950525523627407,0.08289346310477354,0.027686773677942488,0.027686773677942488
59.25,0.999365409926056,5.911397318130124e-4,4.345034213098241e-5,0.009644429325141446,0.9885914526683727,0.0017641180064858046,0.9670085599656301,0.027668117556445024,0.9946766775220751,0.027816192117192752,0.08056959621258415,0.0023163424693737203,0.08288593868195787,0.027946145102630396,0.027946145102630396
59.33333333333333,0.9993620693030874,5.941154942922407e-4,4.3815202620394705e-5,0.009588538282972847,0.9886369828618145,0.001774478855212676,0.9666617491363898,0.027924101708524263,0.994585850844914,0.02807610995551803,0.08054060776615517,0.002337717087236154,0.08287832485339132,0.028206616040701703,0.028206616040701703
59.416666666666664,0.9993587107547884,5.971061154165539e-4,4.4183129795087215e-5,0.009532969204044539,0.9886821305854858,0.0017849002104695854,0.9663128372513343,0.028181108385143434,0.9944939456364777,0.028337134186480623,0.08051144325462503,0.00235917741542316,0.08287062067004819,0.028468200145577455,0.028468200145577455
59.5,0.9993553341813427,6.001116691963136e-4,4.455414946087834e-5,0.009477720251782193,0.988726897323262,0.001795382424955748,0.9659618008596665,0.028439149585012403,0.9944009504446789,0.02859927836180658,0.08048210072783982,0.002380724444391984,0.0828628251722318,0.028730910869181777,0.028730910869181777
59.58333333333333,0.9993519394823512,6.031322300077332e-4,4.492828764104581e-5,0.009422789599877994,0.988771284546703,0.0018059258534189448,0.9656086166084891,0.02869823708039522,0.9943068536888843,0.028862555833669045,0.08045257824362285,0.0024023591458688827,0.08285493738949173,0.02899476146576109,0.02899476146576109
59.666666666666664,0.9993485265568273,6.061678725946557e-4,4.530557057816237e-5,0.009368175432235625,0.988815293715097,0.0018165308526673421,0.9652532612384597,0.02895838242045797,0.9942116436589177,0.02912697975843931,0.08042287386741813,0.0024240824731223826,0.08284695634054051,0.029259764995569024,0.029259764995569024
59.75,0.9993450953031937,6.092186720703397e-4,4.568602473594643e-5,0.009313875942915677,0.988858926275503,0.0018271977815813639,0.9648957115795755,0.029219596934479217,0.9941153085140547,0.029392563100305694,0.08039298567194413,0.002445895361225258,0.08283888103316939,0.029525934328421228,0.029525934328421228
59.83333333333333,0.9993416456192796,6.122847039192553e-4,4.6069676801129106e-5,0.009259889336081193,0.9889021836627933,0.0018379270011256318,0.9645359445470836,0.029481891734926973,0.9940178362820106,0.029659318634764148,0.08036291173685817,0.0024677987273055333,0.0828307104641637,0.029793282147123613,0.029793282147123613
59.916666666666664,0.9993381774023157,6.153660439988853e-4,4.64565536853365e-5,0.009206213825943473,0.9889450672996957,0.001848718874360988,0.9641739371375125,0.02974527772040583,0.9939192148579183,0.029927258951984285,0.08033265014843063,0.0024897934707868268,0.08282244361921746,0.030061820950778067,0.030061820950778067
60,0.9993346905489315,6.184627685415361e-4,4.684668252698798e-5,0.009152847636708279,0.9889875785968352,0.0018595737664565653,0.9638096664248228,0.03000976557847802,0.9938194320033008,0.030196396460054675,0.08030219899922897,0.0025118804736183266,0.0828140794728473,0.03033156305796903,0.03033156305796903
60.08333333333333,0.9993311849551506,6.2157495415616e-4,4.7240090693210735e-5,0.009099789002522148,0.9890297189527759,0.001870492044701941,0.9634431095566723,0.03027536578836182,0.9937184753450341,0.030466743388110756,0.08027155638781104,0.00253406060049469,0.08280561698830573,0.030602520609834524,0.030602520609834524
60.166666666666664,0.999327660516388,6.247026778301803e-4,4.763680578177049e-5,0.009047036167419009,0.9890714897540617,0.0018814740785193568,0.9630742437507926,0.030542088623510735,0.9936163323743034,0.030738311789348972,0.0802407204184278,0.0025563346990661443,0.08279705511749394,0.030874705573024953,0.030874705573024953
60.25,0.9993241171274456,6.278460169313307e-4,4.803685562301817e-5,0.008994587385267126,0.9891128923752568,0.0018925202394759982,0.9627030462914746,0.030809944154076736,0.9935129904455514,0.031011113543930303,0.08020968920073475,0.002578703600139061,0.08278839280087381,0.031148129742553033,0.031148129742553033
60.33333333333333,0.9993205546825088,6.310050492094987e-4,4.8440268281853456e-5,0.00894244091971623,0.9891539281789875,0.0019036309012963602,0.9623294945261593,0.031078942249260735,0.9934084367754201,0.031285160361776504,0.08017846084951209,0.002601168117867255,0.08277962896737935,0.0314228047445379,0.0314228047445379
60.416666666666664,0.9993169730751417,6.341798527985792e-4,4.884707205970492e-5,0.008890595044144889,0.9891945985159806,0.0019148064398746714,0.9619535658621311,0.031349092579553386,0.9933026584416845,0.03156046378526213,0.08014703348439337,0.002623729049934271,0.08277076253432764,0.031698742038846484,0.031698742038846484
60.5,0.9993133721982852,6.373705062183397e-4,4.92572954965266e-5,0.008839048041608243,0.9892349047251043,0.0019260472332873852,0.96157523776331,0.031620404618869134,0.9931956423821792,0.03183703519180533,0.08011540522960219,0.0026463871777269,0.08276179240732909,0.031975952921635194,0.031975952921635194
60.58333333333333,0.999309751944251,6.405770883762865e-4,4.967096737281162e-5,0.00878779820478588,0.9892748481334084,0.0019373536618057564,0.9611944877471426,0.031892887646576475,0.993087375393719,0.0321148857963603,0.08008357421369695,0.002669143266500153,0.08275271748019711,0.03225444852779468,0.03225444852779468
60.666666666666664,0.9993061122047188,6.437996785695519e-4,5.008811671162308e-5,0.008736843835930009,0.9893144300561616,0.001948726107908479,0.9608112933815844,0.032166550749427196,0.9929778441310116,0.032394026653814446,0.08005153856932339,0.002691998065533934,0.08274353663485733,0.03253423983330049,0.03253423983330049
60.75,0.9993024528707327,6.470383564867738e-4,5.050877278064169e-5,0.008686183246813904,0.9893536517968917,0.001960164956294393,0.9604256322821769,0.03244140282338722,0.9928670351055642,0.03267446866129256,0.08001929643297451,0.0027149523082816243,0.08273424874125614,0.03281533765747232,0.03281533765747232
60.83333333333333,0.9992987738326957,6.502932022100004e-4,5.0932965094230944e-5,0.008635814758680615,0.9893925146474242,0.0019716705938952663,0.9600374821092115,0.032717452575371765,0.9927549346845832,0.03295622256037107,0.079986845944758,0.0027380067125107954,0.0827248526572688,0.03309775266514439,0.03309775266514439
60.916666666666664,0.9992950749803677,6.535642962165928e-4,5.136072341552001e-5,0.008585736702191841,0.9894310198879194,0.0019832434098886603,0.9596468205649804,0.03299470852488734,0.9926415290898678,0.033239298939204666,0.07995418524817058,0.002761161980436262,0.08271534722860684,0.033381495368749695,0.033381495368749695
61,0.9992913562028605,6.568517193811411e-4,5.179207775850359e-5,0.008535947417377166,0.989469168786912,0.001994883795710849,0.9592536253911138,0.03327317900558295,0.9925268043966967,0.03352370823456795,0.07992131248987963,0.002784418798845666,0.0827057312887253,0.033666576130320085,0.033666576130320085
61.08333333333333,0.9992876173886324,6.601555529773872e-4,5.222705839016028e-5,0.008486445253583483,0.9895069626013466,0.0020065921450698166,0.9588578743659975,0.033552872166713044,0.9924107465327106,0.03380946073381433,0.07988822581951112,0.002807777839217806,0.08269600365872892,0.03395300516340529,0.03395300516340529
61.166666666666664,0.9992838584254873,6.634758786801589e-4,5.266569583258832e-5,0.008437228569424669,0.989544402576617,0.0020183688539583463,0.9584595453022695,0.033833795974514295,0.9922933412767838,0.034096566576754764,0.07985492338944448,0.0028312397578338752,0.08268616314727836,0.03424079253491237,0.03424079253491237
61.25,0.9992800792005675,6.66812778567311e-4,5.310802086515956e-5,0.00838829573273153,0.9895814899466012,0.002030214320667157,0.9580586160443982,0.034115958213498714,0.9921745742578969,0.034385035757458264,0.07982140335461378,0.0028548051958818196,0.0826762085504956,0.034529948166868454,0.034529948166868454
61.33333333333333,0.9992762796003516,6.70166335121674e-4,5.355406452669171e-5,0.00833964512050199,0.9896182259337001,0.00204212894579813,0.9576550644663326,0.034399366487664965,0.9920544309539976,0.03467487812597663,0.07978766387231506,0.002878474779553969,0.08266613865186903,0.03482048183810855,0.03482048183810855
61.416666666666664,0.9992724595106494,6.735366312330193e-4,5.400385811763907e-5,0.008291275118851494,0.9896546117488708,0.002054113132277609,0.957248868469229,0.03468402822163029,0.9919328966908593,0.03496610338999548,0.07975370310201987,0.0029022491201381277,0.082655952222158,0.03511240318589067,0.03511240318589067
61.5,0.9992686188165977,6.769237502000216e-4,5.445743320230141e-5,0.008243184122963708,0.9896906485916666,0.0020661672853697728,0.9568400059792481,0.03496995066168478,0.9918099566409329,0.03525872111641347,0.07971951920519466,0.0029261288141022943,0.08264564801929696,0.03540572170744032,0.03540572170744032
61.58333333333333,0.9992647574026569,6.803277757322407e-4,5.491482161105183e-5,0.008195370537041415,0.9897263376502685,0.0020782918126900805,0.9564284549454236,0.03525714087677028,0.9916855958221938,0.035552740732851966,0.07968511034512592,0.0029501144431731564,0.08263522478829907,0.03570044676142618,0.03570044676142618
61.666666666666664,0.9992608751526054,6.837487919521077e-4,5.537605544258357e-5,0.008147832774257702,0.9897616801015234,0.0020904871242188004,0.9560141933375985,0.03554560575938547,0.991559799096984,0.03584817152909683,0.0796504746867511,0.0029742065744085364,0.08262468126115964,0.03599658756936902,0.03599658756936902
61.75,0.9992569719495368,6.87186883396921e-4,5.584116706617552e-5,0.00810056925670734,0.9897966771109782,0.00210275363231461,0.955597199144428,0.0358353520264194,0.9914325511708474,0.03614502265847444,0.07961561039649484,0.0029984057602639317,0.08261401615675877,0.03629415321698566,0.03629415321698566
61.83333333333333,0.9992530476758551,6.906421350208512e-4,5.631018912397692e-5,0.008053578415358439,0.9898313298329133,0.002115091751728274,0.9551774503714481,0.036126386219914965,0.991303836591363,0.03644330313916363,0.07958051564211066,0.0030227125386532968,0.08260322818076396,0.03659315265546975,0.03659315265546975
61.916666666666664,0.9992491022132697,6.941146321969567e-4,5.6783154533311855e-5,0.008006858690004346,0.9898656394103791,0.002127501899616399,0.954754925039208,0.03641871470776417,0.9911736397469721,0.03674302185544521,0.07954518859252796,0.0030471274330042147,0.08259231602553217,0.0368935947027111,0.0368935947027111
62,0.9992451354427918,6.976044607192082e-4,5.726009648900245e-5,0.007960408529215748,0.9898996069752289,0.0021399844955552676,0.9543296011814629,0.036712343684336984,0.9910419448657999,0.03704418755889118,0.07950962741770382,0.0030716509523075943,0.0825812783700114,0.0371954880444553,0.0371954880444553
62.08333333333333,0.9992411472447297,7.011117068045178e-4,5.774104846571243e-5,0.007914226390293067,0.9899332336481522,0.002152539961554748,0.9539014568434288,0.03700727917104528,0.990908736014474,0.03734680886949484,0.07947383028848017,0.003096283591162035,0.0825701138796422,0.037498841235405256,0.037498841235405256
62.166666666666664,0.999237137498685,7.046364570947894e-4,5.822604422031026e-5,0.007868310739219026,0.9899665205387087,0.0021651687220722894,0.9534704700800952,0.03730352701684358,0.9907739970969388,0.03765089427674367,0.07943779537644552,0.003121025829812986,0.0825588212062585,0.03780366270026626,0.03780366270026626
62.25,0.9992331060835468,7.081787986589627e-4,5.871511779425205e-5,0.007822660050611536,0.9899994687453615,0.002177871204026978,0.9530366189545973,0.0376010928986681,0.9906377118532654,0.037956452140636476,0.07940152085380162,0.0031458781341868235,0.08254739898798844,0.03810996073473598,0.03810996073473598
62.33333333333333,0.9992290528774891,7.117388189950793e-4,5.9208303515985e-5,0.007777272807676739,0.9900320793555096,0.002190647836813699,0.9525998815366417,0.03789998232181567,0.9904998638584573,0.038263490692646465,0.07936500489323463,0.003170840955919984,0.08253584584915462,0.03841774350644111,0.03841774350644111
62.416666666666664,0.9992249777579644,7.153166060323527e-4,5.970563600337097e-5,0.007732147502162309,0.9900643534455204,0.002203499052317357,0.9521602359009896,0.03820020062026396,0.9903604365212536,0.03857201803663142,0.07932824566779093,0.003195914732383267,0.0825241604001742,0.03872701905582212,0.03872701905582212
62.5,0.9992208806017004,7.189122481332483e-4,6.020715016613041e-5,0.007687282634311053,0.9900962920807617,0.0022164252849271853,0.9517176601259926,0.03850175295693446,0.990219413082927,0.038882042149692826,0.07929124135075721,0.0032210998867014196,0.08251234123745864,0.03903779529696725,0.03903779529696725
62.58333333333333,0.9992167612846959,7.225258340955746e-4,6.071288120830725e-5,0.007642676712814631,0.9901278963156344,0.0022294269715511326,0.95127213229218055,0.03880464432389961,0.9900767766160802,0.03919357088298496,0.07925399011554514,0.003246396827768126,0.08250038694331327,0.03935008001839741,0.03935008001839741
62.666666666666664,0.9992126196822146,7.261574531545801e-4,6.122286463075473e-5,0.007598328254767598,0.9901591671936021,0.002242504551630341,0.9508236304809028,0.039108879542535425,0.9899325100234382,0.03950661196247557,0.07921649013557999,0.003271805950256517,0.08248829608583651,0.0396638808838033,0.0396638808838033
62.75,0.9992084556687812,7.298071949850673e-4,6.173713623364166e-5,0.007554235785621634,0.9901901057472247,0.0022556584671536875,0.9503721327730172,0.03941446326362098,0.9897865960366382,0.03982117298965929,0.07917873958419361,0.003297327634625291,0.0824760672188189,0.039979205432735844,0.039979205432735844
62.83333333333333,0.9992042691181776,7.334751497035039e-4,6.225573211898046e-5,0.007510397839140042,0.9902207129981877,0.0022688891626724173,0.9499176172476296,0.03972139996738601,0.9896390172150156,0.040137261442225326,0.07914073663452127,0.003322962247120578,0.08246369888164184,0.04029606108125159,0.04029606108125159
62.916666666666664,0.9992000599034366,7.371614078701614e-4,6.277868869317658e-5,0.007466812957352412,0.9902509899573327,0.002282197085314873,0.9494600619808812,0.04002969396350786,0.989489755944389,0.04045488467468035,0.07910247945940266,0.003348710139773621,0.08245118959917627,0.0406144551225138,0.0406144551225138
63,0.9991958278968391,7.408660604912447e-4,6.330604266959921e-5,0.007423479690509583,0.990280937624689,0.002295582684801278,0.9489994450447827,0.04033934939105904,0.9893387944358418,0.04077404991892798,0.07906396623128659,0.0033745716503944014,0.08243853788168098,0.04093439472735092,0.04093439472735092
63.08333333333333,0.9991915729699078,7.445891990210449e-4,6.383783107117354e-5,0.007380396597038803,0.9903105569895025,0.0023090464134586227,0.9485357445060955,0.04065037021840659,0.989186114724502,0.041094764284806115,0.07902519512213965,0.0034005471025612883,0.08242574222470093,0.04125588694477329,0.04125588694477329
63.166666666666664,0.9991872949934029,7.483309153640964e-4,6.437409123299584e-5,0.00733756224349908,0.9903398490302653,0.0023225887262356393,0.9480689384252564,0.04096276024306434,0.9890316986683207,0.041417034760583046,0.0789861643033585,0.00342663680560682,0.08241280110896532,0.041578938702449365,0.041578938702449365
63.25,0.9991829938373177,7.520913018773441e-4,6.49148608049696e-5,0.00729497520453684,0.9903688147147452,0.0023362100807178396,0.947599004855348,0.04127652309149933,0.9888755279468473,0.04174086821341378,0.07894687194568581,0.0034528410545996945,0.08239971300028551,0.04190355680714241,0.04190355680714241
63.33333333333333,0.9991786693708731,7.558704513723209e-4,6.546017775446463e-5,0.007252634062841736,0.9903974550000156,0.002349910937142657,0.9471259218411116,0.04159166221889334,0.9887175840600049,0.0420662713897573,0.07890731621912973,0.0034791601303230863,0.08238647634945281,0.04222974794510912,0.04222974794510912
63.416666666666664,0.9991743214625137,7.596684571173373e-4,6.601008036899869e-5,0.007210537409102699,0.9904257708324827,0.0023636917584146655,0.9466496674180023,0.04190818090886074,0.988557848326863,0.04239325091575618,0.07886749529288707,0.0035055942992493474,0.08237308959213642,0.04255751868246061,0.04255751868246061
63.5,0.9991699499799013,7.634854128396768e-4,6.656460725894114e-5,0.007168683841964268,0.9904537631479149,0.00237755301012088,0.9461702196112876,0.042226082273123605,0.9883963018844112,0.042721813297579264,0.0788274073352696,0.003532143813511203,0.08235955114878081,0.04288687546548741,0.04288687546548741
63.58333333333333,0.9991655547899119,7.673214127278032e-4,6.712379736024053e-5,0.007127071967983038,0.9904814328714707,0.0023914951605461536,0.9456875564351832,0.04254536925114527,0.9882329256863285,0.04305196492172883,0.07878705051363401,0.003558808910869516,0.08234585942450352,0.04321782462094903,0.04321782462094903
63.666666666666664,0.9991611357586293,7.711765514335818e-4,6.768768993717425e-5,0.007085700401584415,0.990508780917727,0.0024055186806886605,0.9452016558920332,0.042866044609723125,0.9880677005017563,0.04338371205531268,0.07874642299431497,0.0035855898146777082,0.08233201280899269,0.04355037235632934,0.04355037235632934
63.75,0.9991566927513404,7.75050924074503e-4,6.825632458512196e-5,0.007044567765019576,0.990535808190705,0.0024196240442754453,0.9447124959715265,0.04318811094254189,0.9879006069140684,0.04371706084628265,0.07870552294256161,0.0036124867338429125,0.08231800967640453,0.04388452476005853,0.04388452476005853
63.83333333333333,0.9991522256325308,7.789446262359239e-4,6.882974123336238e-5,0.007003672688322614,0.9905625155838993,0.002433811727778088,0.9442200546499524,0.04351157066968802,0.9877316253196404,0.04405201732364013,0.07866434852247697,0.00363949986278394,0.08230384838526092,0.044220287801702673,0.044220287801702673
63.916666666666664,0.9991477342658788,7.828577539733127e-4,6.94079801478941e-5,0.006963013809267921,0.9905889039803037,0.0024480822104284467,0.9437243098894952,0.04383642603712654,0.9875607359266217,0.04438858739760964,0.07862289789696082,0.0036666293813861447,0.08228952727834697,0.04455766733212178,0.04455766733212178
64,0.9991432185142511,7.867904038145116e-4,6.999108193427939e-5,0.006922589773327794,0.9906149742524378,0.0024624359742344767,0.9432252396375647,0.04416267911614094,0.9873879187537056,0.04472677685978139,0.07858116922765537,0.0036938754549532523,0.08227504468260863,0.04489666908359719,0.04489666908359719
64.08333333333333,0.9991386782396975,7.907426727619995e-4,7.057908754051294e-5,0.006882399233630288,0.9906407272623735,0.002476873503996148,0.9427228218261644,0.044490331802737114,0.9872131536289015,0.04506659138322346,0.07853916067489414,0.003721238234156228,0.08226039890905036,0.045237298669929184,0.045237298669929184
64.16666666666667,0.999134113303445,7.947146582951772e-4,7.117203825991469e-5,0.006842440850917185,0.9906661638617612,0.0024913952873214674,0.9422170343712948,0.04481938581701236,0.9870364201883072,0.04540803652256489,0.07849687039765363,0.0037487178549792705,0.0822455882526329,0.045579561586505696,0.045579561586505696
64.25,0.9991295235658934,7.987064583726508e-4,7.176997573404637e-5,0.006802713293502297,0.9906912848918551,0.002506001814642557,0.9417078551723925,0.04514984270249014,0.9868576978748826,0.045751117714049994,0.07845429655350816,0.0037763144386629872,0.08223061099217115,0.045923463210342866,0.045923463210342866
64.33333333333333,0.9991249088866099,8.027181714345374e-4,7.237294195565419e-5,0.006763215237229909,0.9907160911835383,0.0025206935792318505,0.9411952621118036,0.04548170382542155,0.9866769659372252,0.04609584027556513,0.07841143729858731,0.003804028091644825,0.08221546539023214,0.046269008800098266,0.046269008800098266
64.41666666666667,0.9991202691243235,8.067498964047695e-4,7.298097927163512e-5,0.006723945365433437,0.9907405835573482,0.002535471077218378,0.940679233054292,0.045814970374054256,0.9864942034283463,0.04644220940663846,0.07836829078753635,0.003831858905496835,0.08220014969303319,0.04661620349605764,0.04661620349605764
64.5,0.9991156041369205,8.108017326934176e-4,7.359413038602849e-5,0.006684902368894363,0.9907647628235015,0.002550334807604117,0.9401597458465806,0.0461496433578698,0.9863093892044503,0.04679023018841355,0.07832485517347945,0.0038598069568608275,0.08218466213034029,0.0469650523200958,0.0469650523200958
64.58333333333333,0.999110913781438,8.148737801990218e-4,7.421243836303371e-5,0.006646084945801289,0.9907886297819183,0.002565285272280469,0.9396367783169266,0.04648572360679006,0.9861225019237166,0.047139907583597616,0.07828112860798564,0.0038878723073809875,0.08216900091536662,0.047315560175612496,0.047315560175612496
64.66666666666667,0.9991061979140591,8.18966139310935e-4,7.483594663005287e-5,0.00660749180170925,0.9908121852222461,0.0025803229760448117,0.9391103082747287,0.04682321177035364,0.9859335200450824,0.0474912464363851,0.0782371092410373,0.0039160550036340235,0.08215316424467133,0.04766773184744408,0.04766773184744408
64.75,0.9991014563901077,8.230789109116687e-4,7.546469898075866e-5,0.006569121649499269,0.9908354299238836,0.002595448426617132,0.9385803135101665,0.04716210831686294,0.9857424218270294,0.04784425147235734,0.07819279522100159,0.003944355077056903,0.08213715029805849,0.04802157200175153,0.04802157200175153
64.83333333333333,0.9990966890640426,8.272121963792625e-4,7.609873957818953e-5,0.006530973209338048,0.9908583646560052,0.00261066213465678,0.9380467717938715,0.04750241353250274,0.9855491853263743,0.04819892729835888,0.07814818469460423,0.00397277254387224,0.08212095723847647,0.04837708518588554,0.04837708518588554
64.91666666666667,0.9990918957894525,8.313660975896542e-4,7.673811295786998e-5,0.006493045208637891,0.9908809901775828,0.002625964613779301,0.9375096608766302,0.04784412752043104,0.9853537883970612,0.04855527840235148,0.07810327580690614,0.004001307405011412,0.08210458321191755,0.04873427582822952,0.04873427582822952
65,0.9990870764190499,8.355407169190623e-4,7.738286403095715e-5,0.0064553363820169084,0.9909033072374097,0.0026413563805733494,0.9369689584891171,0.04818725019984285,0.9851562086889599,0.04891330915324602,0.07805806670128232,0.00402995964603544,0.08208802634731777,0.049093148238020946,0.049093148238020946
65.08333333333333,0.9990822308046663,8.397361572463868e-4,7.803303808741532e-5,0.006417845471259287,0.9909253165741232,0.0026568379546177217,0.9364246423416586,0.048531781305007723,0.9849564236466662,0.049273023800713384,0.07801255551940353,0.004058729237053726,0.08207128475645725,0.04945370660515207,0.04945370660515207
65.16666666666667,0.9990773587972451,8.43952521955608e-4,7.868868079921589e-5,0.006380571225275874,0.9909470189162257,0.0026724098584984817,0.9358766901240265,0.0488777203842817,0.9847544105083083,0.04963442647497472,0.07796674040122031,0.0040876161326406715,0.08205435653386098,0.04981595499995,0.04981595499995
65.25,0.9990724602468382,8.481899149382044e-4,7.934983822356494e-5,0.006343512400064959,0.9909684149821089,0.002688072617826146,0.9353250795052612,0.04922506679909443,0.9845501463043557,0.04999752118657184,0.07792061948494941,0.004116620271750275,0.08203723975669969,0.050179897372937696,0.050179897372937696
65.33333333333333,0.9990675350025983,8.524484405955834e-4,8.001655680615846e-5,0.006306667758673181,0.9909895054800737,0.0027038267612530258,0.934769788133525,0.04957381972291217,0.9843436078564372,0.05036231182611827,0.07787419090706281,0.004145741577628729,0.08201993248469154,0.050545537554575574,0.050545537554575574
65.41666666666667,0.9990625829127739,8.567282038415164e-4,8.06888833844647e-5,0.006270036071156709,0.9910102911083527,0.0027196728204906145,0.9342107936359826,0.04992397814017735,0.9841347717761599,0.05072880216403174,0.07782745280227893,0.004174979957725111,0.08200243276000405,0.05091287925498498,0.05091287925498498
65.5,0.9990576038247043,8.610293101045887e-4,8.136686519103404e-5,0.006233616114542633,0.9910307725551304,0.0027356113303270884,0.9336480736187117,0.05027554084522531,0.9839236144639371,0.05109699585024851,0.07778040330355637,0.0042043353036001815,0.08198473860715655,0.051281926063653754,0.051281926063653754
65.58333333333333,0.9990525975848125,8.653518653306585e-4,8.205054985683795e-5,0.006197406672790471,0.9910509504985647,0.0027516428286449186,0.9330816056666414,0.05062850644117905,0.9837101121078204,0.05146689641392023,0.07773304054208996,0.0042338074908334,0.08196684803292335,0.05165268144912466,0.05165268144912466
65.66666666666667,0.9990475640386,8.696959759853306e-4,8.273998541463515e-5,0.006161406536753958,0.9910708256068074,0.002767767856438572,0.9325113673435178,0.05098287333882256,0.9834942406823404,0.051838507263093934,0.07768536264730898,0.004263396378928164,0.08194875902623715,0.05202514875866726,0.05202514875866726
65.75,0.9990425030306411,8.740617490564333e-4,8.343522030236621e-5,0.006125614504143024,0.9910903985380247,0.0027839869578322883,0.9319373361918979,0.05133863975545339,0.9832759759473513,0.05221183168437574,0.07763736774687785,0.00429310181121536,0.08193046955809322,0.0523993312179337,0.0523993312179337
65.83333333333333,0.9990374144045769,8.784492920565196e-4,8.413630336657811e-5,0.006090029379485919,0.9911096699404162,0.0028003006800980056,0.9313594897331707,0.051695803713715266,0.983055293446886,0.05258687284257868,0.07758905396669902,0.004322923614755265,0.08191197758145428,0.052775231930598875,0.052775231930598875
65.91666666666667,0.9990322980031089,8.828587130253647e-4,8.484328386587662e-5,0.006054649974091558,0.991128640452235,0.0028167095736733455,0.9307778054676056,0.052054363040411104,0.9828321685080167,0.05296363378035536,0.07754041943091801,0.0043528616002378555,0.08189328103115587,0.053152853877985816,0.053152853877985816
66,0.9990271536679931,8.872901205324829e-4,8.555621147440783e-5,0.0060194751060121355,0.9911473107018083,0.0028332141921796985,0.9301922608744266,0.052414315365297434,0.982606576239724,0.0533421174178159,0.07749146226193085,0.0043829155618815875,0.08187437782381243,0.05353219991867658,0.05353219991867658
66.08333333333333,0.9990219812400352,8.917436236796567e-4,8.627513628537026e-5,0.005984503600005777,0.9911656813075537,0.00284981509244045,0.9296028334119139,0.052775658119860666,0.9823784915317745,0.053722326552131834,0.07744218058039355,0.004413085277330688,0.08185526585772424,0.053913272788109194,0.053913272788109194
66.16666666666666,0.999016780559082,8.962193321034737e-4,8.700010881455574e-5,0.005949734287499557,0.9911837528780013,0.002866512834499257,0.9290095005175315,0.053138388536075845,0.9821478890536074,0.05410426385712616,0.07739257250523385,0.004443370507551019,0.08183594301278486,0.05429607509816134,0.05429607509816134
66.25,0.9990115514640181,9.007173559778753e-4,8.773118000392041e-5,0.005915166006552583,0.9912015260118089,0.002883307981638465,0.9284122396080808,0.05350250364514862,0.9819147432532295,0.05448793188285052,0.07734263615366502,0.004473770996724566,0.08181640715038958,0.05468060933672108,0.05468060933672108
66.33333333333333,0.9990062937927582,9.052378060167181e-4,8.846840122518592e-5,0.005880797601819345,0.9912190012977831,0.0029002011003976015,0.9278110280798797,0.053868000276240974,0.9816790283561206,0.05487333305514951,0.07729236964120201,0.0045042864721426,0.0817966561133446,0.055066877867245165,0.055066877867245165
66.41666666666666,0.9990010073822403,9.097807934763456e-4,8.921182428347185e-5,0.005846627924513222,0.9912361793148948,0.0029171927605919925,0.9272058433089686,0.05423487505518143,0.98144071836415,0.05526046967521306,0.0772417710816795,0.00453491664409757,0.08177668772577706,0.055454882928305575,0.055454882928305575
66.5,0.9989956920684209,9.14346430158173e-4,8.996150142095794e-5,0.005812655832370176,0.9912530606322982,0.002934283535331477,0.9265966626513394,0.05460312440316027,0.9811997870544997,0.05564934391911705,0.07719083858727212,0.004565661205773781,0.0817564997930459,0.05584462663312465,0.05584462663312465
66.58333333333333,0.9989903476862682,9.189348284112776e-4,9.071748532057735e-5,0.005778880189612678,0.991269645809348,0.00295147400103921,0.9259834634431916,0.054972744535410484,0.9809562079786021,0.056039957837352945,0.07713957026851687,0.004596519833136894,0.08173609010165377,0.05623611096909922,0.05623611096909922
66.66666666666666,0.9989849740697553,9.235461011350139e-4,9.147982910974218e-5,0.005745299866913766,0.9912859353956157,0.0029687647374705946,0.9253662230012131,0.05534373145987497,0.980709954461088,0.05643231335434647,0.07708796423433742,0.004627492184822321,0.08171545641915974,0.05662933779731441,0.05662933779731441
66.75,0.9989795710518543,9.28180361781624e-4,9.224858636409948e-5,0.005711913741361321,0.9913019299309065,0.0029861563277323072,0.9247449186228852,0.055716080975860734,0.980460999598746,0.05682641226796635,0.07703601859207074,0.004658577902022552,0.08169459649409329,0.05702430885204725,0.05702430885204725
66.83333333333333,0.9989741384645296,9.328377243588684e-4,9.3023811111319e-5,0.0056787206964225515,0.9913176299452761,0.0030036493583014204,0.9241195275868127,0.05608978867268052,0.9802093162594933,0.05722225624902317,0.07698373144749543,0.004689776608373468,0.0816735080558689,0.05742102574026107,0.05742102574026107
66.91666666666666,0.9989686761387323,9.375183034326714e-4,9.380555783491438e-5,0.005645719621908613,0.9913330359590468,0.0030212444190446494,0.9234900271530778,0.05646484992828272,0.9799548770813605,0.05761984684075891,0.07693110090486241,0.004721087909839697,0.08165218881470211,0.057819489941090575,0.057819489941090575
67,0.998963183904392,9.422222141297704e-4,9.459388147809528e-5,0.005612909413939439,0.9913481484828228,0.0030389421032377033,0.9228563945636202,0.05684125990787001,0.9796976544714903,0.05801918545832767,0.07687812506692746,0.004752511394599058,0.08163063646152652,0.05821970280531836,0.05821970280531836
67.08333333333333,0.9989576615904119,9.469495721403818e-4,9.538883744765188e-5,0.005580288974908793,0.9913629680175065,0.0030567430075847126,0.9222186070426389,0.057219013562507394,0.9794376206051463,0.05842027338826804,0.07682480203498576,0.00478404663292615,0.08160884866791192,0.05862166555484328,0.05862166555484328
67.16666666666666,0.9989521090246614,9.517004937208785e-4,9.619048161787422e-5,0.005547857213449433,0.9913774950543128,0.0030746477322378192,0.9215766417970196,0.05759810562772021,0.9791747474247398,0.058823111787967404,0.07677112990890853,0.0048156931770751265,0.08158682308598365,0.05902537928214105,0.05902537928214105
67.25,0.9989465260339689,9.564750956964757e-4,9.699887033450277e-5,0.005515613044398497,0.9913917300747846,0.0030926568808168358,0.9209304760167853,0.05797853062208284,0.9789090066388682,0.059227701685118775,0.07671710678718152,0.004847450561161724,0.08156455734834325,0.05943084494971744,0.05943084494971744
67.33333333333333,0.9989409124441172,9.612734954639319e-4,9.781406041871294e-5,0.005483555388763104,0.9914056735508078,0.003110771060429008,0.9202800868755713,0.05836028284579854,0.9786403697213698,0.059634043977170474,0.0766627307669456,0.004879318301044576,0.08154204906799017,0.059838063389554705,0.059838063389554705
67.41666666666666,0.9989352680798346,9.660958109942626e-4,9.8636109171134e-5,0.005451683173686057,0.9914193259446249,0.003128990881688927,0.9196254515311234,0.05874335637927129,0.9783688079103947,0.06004213943076912,0.07660799994403933,0.004911295894205884,0.08151929583824521,0.06024703530255132,0.06024703530255132
67.5,0.9989295927647887,9.709421608354654e-4,9.946507437590149e-5,0.005419995332411788,0.9914326877088497,0.003147316958738521,0.9189665471258204,0.05912774508166995,0.9780942922074903,0.06045198868119634,0.07655291241304327,0.004943382819631481,0.08149629523267475,0.06065776125795598,0.06065776125795598
67.58333333333333,0.9989238863215799,9.758126641152489e-4,1.0030101430474317e-4,0.005388490804252491,0.9914457592864805,0.003165749909267148,0.9183033507872184,0.05951344258948561,0.977816793376704,0.06086359223179966,0.07649746626732659,0.00497557853769034,0.08147304480501694,0.061070241692795485,0.061070241692795485
67.66666666666666,0.998918148571735,9.80707440543789e-4,1.0114398772110164e-4,0.0053571685345543615,0.9914585411109138,0.003184290354531842,0.9176358396286202,0.05990044231508256,0.9775362819437027,0.06127695045341784,0.0764416595990953,0.005007882490013591,0.08144954208910889,0.06148447691129777,0.06148447691129777
67.75,0.9989123793356993,9.85626610416485e-4,1.0199405388428987e-4,0.0053260274746640855,0.9914710336059583,0.0032029389193776385,0.916963990749667,0.06028873744524364,0.9772527281949106,0.06169206358380123,0.07638549049944254,0.00504029409937309,0.08142578459881564,0.06190046708430984,0.06190046708430984
67.83333333333333,0.9989065784328295,9.905702946167284e-4,1.0285127255368242e-4,0.005295066581895494,0.9914832371858465,0.003221696232257997,0.9162877812369542,0.06067832093971053,0.9769661021766647,0.06210893172702739,0.07632895705840093,0.005072812769559586,0.08140176982796052,0.062318212248711286,0.062318212248711286
67.91666666666666,0.9989007456813884,9.955386146186973e-4,1.037157039929431e-4,0.005264284819496356,0.9914951522552482,0.003240562925255401,0.9156071881646682,0.06106918552971953,0.9766763736943878,0.06252755485291253,0.07627205736499656,0.005105437885260548,0.08137749525025711,0.06273771230682376,0.06273771230682376
68,0.9988948808985356,0.0010005316924901419,1.0458740897428717e-4,0.005233681156615366,0.9915067792092825,0.003259539634102004,0.9149221885952494,0.06146132371653364,0.9763835123117831,0.06294793279641897,0.07621478950730518,0.005138168811937708,0.08135295831924289,0.06315896702581678,0.06315896702581678
68.08333333333333,0.9988889839003221,0.0010055496508951968,1.0546644878277969e-4,0.00520325456826936,0.9915181184335301,0.003278626998200411,0.9142327595800751,0.061854727769971356,0.9760874873500465,0.06337006525705917,0.07615715157251007,0.005171004895704345,0.08132815646821442,0.06358197603711004,0.06358197603711004
68.16666666666666,0.9988830545016821,0.0010105926130972046,1.0635288522067201e-4,0.005173004035310585,0.9915291703040447,0.0032978256606446092,0.9135388781601669,0.06224938972693292,0.9757882678870998,0.06379395179829654,0.07609914164696197,0.0052039454632024,0.08130308711016436,0.0640067388357731,0.0640067388357731
68.25,0.9988770925164268,0.0010156607029615495,1.0724678061177266e-4,0.005142928544394271,0.9915399351873647,0.0033171362682409646,0.9128405213669205,0.06264530138992469,0.9754858227568453,0.06421959184694373,0.07604075781624081,0.005236989821479452,0.08127774763772026,0.06443325477992223,0.06443325477992223
68.33333333333333,0.9988710977572356,0.0010207540449584955,1.0814819780585608e-4,0.005113027087946311,0.9915504134405244,0.0033365594715293475,0.9121376662228592,0.06304245432558217,0.9751801205484414,0.06464698469255822,0.07598199816521944,0.005270137257865605,0.08125213542308504,0.0648615230901153,0.0648615230901153
68.41666666666666,0.9988650700356508,0.0010258727641660524,1.0905720018310982e-4,0.005083298664131071,0.9915606054110644,0.00335609592480442,0.9114302897424077,0.06344083986319236,0.9748711296056001,0.06507612948683626,0.07592286077812913,0.005303387039850353,0.08122624781797948,0.06529154284874458,0.06529154284874458
68.5,0.9988590091620686,0.0010310169862728438,1.0997385165861772e-4,0.0050537422768194805,0.9915705114370434,0.003375746286136969,0.9107183689326915,0.06384044909321611,0.9745588180259076,0.06550702524300486,0.07586334373862702,0.005336738414959468,0.08120008215358648,0.06572331299942845,0.06572331299942845
68.58333333333333,0.9988529149457323,0.0010361868375809863,1.1089821668688173e-4,0.005024356935557203,0.9915801318470475,0.0033955112173954033,0.9100018807943571,0.06424127286581115,0.9742431536601682,0.06593967083521281,0.07580344512986548,0.005370190610631973,0.08117363574049745,0.06615683234640173,0.06615683234640173
68.66666666666666,0.9988467871947246,0.0010413824450089919,1.1183036026638239e-4,0.0049951416555329906,0.9915894669601997,0.003415391384267369,0.9092808023224146,0.06464330178935622,0.9739241041117708,0.06637406499792056,0.0757431630345633,0.005403742834097229,0.08114690586866052,0.06659209955390537,0.06659209955390537
68.75,0.998840625715961,0.0010466039360946702,1.127703479441776e-4,0.00496609545754724,0.9915985170861713,0.0034353874562814647,0.9085551105071045,0.0650465262289773,0.9736016367360818,0.06681020632528963,0.07568249553507873,0.005437394272252234,0.08111988980733097,0.06702911314557586,0.06702911314557586
68.83333333333333,0.9988344303151815,0.0010518514389980492,1.1371824582053949e-4,0.0049372173679807,0.9916072825251904,0.003455500106829082,0.9078247823347853,0.06545093630507631,0.9732757186398615,0.06724809327057191,0.07562144071348459,0.005471144091539136,0.08109258480502372,0.06746787150383442,0.06746787150383442
68.91666666666666,0.9988282007969421,0.0010571250825043112,1.1467412055363243e-4,0.004908506418763312,0.9916157635680501,0.003475730013186381,0.9070897947888449,0.06585652189186297,0.9729463166807079,0.06768772414549891,0.0755599966516449,0.00550499143782307,0.08106498808946797,0.06790837286927676,0.06790837286927676
69,0.9988219369646091,0.00106242499602674,1.1563803936422915e-4,0.004879961647343274,0.9916239604961204,0.0034960778565363733,0.9063501248506329,0.0662632726158907,0.9726133974665236,0.06812909711967176,0.07549816143129376,0.005538935436270318,0.08103709686756408,0.06835061534006326,0.06835061534006326
69.08333333333333,0.9988156386203497,0.0010677513096096721,1.1661007004046675e-4,0.00485158209665623,0.9916318735813526,0.003516544321991117,0.9056057495004174,0.06667117785459692,0.9722769273550143,0.06857221021995188,0.07543593313411581,0.005572975191226898,0.08100890832534272,0.06879459687131047,0.06879459687131047
69.16666666666666,0.9988093055651258,0.0010731041539314761,1.1759028094264425e-4,0.004823366815094633,0.9916395030862913,0.0035371300986140686,0.9048566457183622,0.06708022673484865,0.9719368724532109,0.06901706132985287,0.07537330984182877,0.005607109786097607,0.08098041962792638,0.06924031527448365,0.06924031527448365
69.25,0.9988029375986844,0.0010784836603075344,1.1857874100805962e-4,0.004795314856477274,0.9916468492640803,0.0035578358794425237,0.9041027904855283,0.06749040813149394,0.9715931986170223,0.06946364818893402,0.0753102896362677,0.005641338283225578,0.08095162791949327,0.06968776821679129,0.06968776821679129
69.33333333333333,0.9987965345195507,0.0010838899606932337,1.1957551975588732e-4,0.004767425280018978,0.9916539123584708,0.0035786623615101875,0.9033441607848963,0.06790171066591992,0.9712458714508162,0.06991196839219559,0.07524687059947116,0.005675659723772414,0.08092253032324358,0.07013695322058139,0.07013695322058139
69.41666666666666,0.9987900961250209,0.0010893231876869887,1.2058068729209936e-4,0.0047396971503004546,0.9916606926038298,0.003599610245869886,0.9025807336024115,0.06831412270461801,0.9708948563070295,0.07036201938947628,0.07518305081376934,0.005710073127598964,0.08089312394136831,0.0705878676627404,0.0705878676627404
69.5,0.9987836222111522,0.0010947834745332517,1.2159431431442589e-4,0.004712129537238301,0.9916671902251454,0.003620680237616396,0.9018124859280529,0.06872763235775715,0.97054011828581,0.07081379848485342,0.07511882836187395,0.005744577493146781,0.08086340585502072,0.07104050877409471,0.07104050877409471
69.58333333333333,0.9987771125727569,0.0011002709551255526,1.2261647211735767e-4,0.004684721516055196,0.9916734054380355,0.0036418730459093773,0.9010393947569219,0.0691422274777656,0.9701816222346875,0.07126730283604574,0.07505420132696991,0.0057791717973203205,0.08083337312429023,0.07149487363881507,0.07149487363881507
69.66666666666666,0.9987705670033932,0.0011057857640095507,1.2364723259719325e-4,0.004657472167250216,0.9916793384487534,0.0036631893839964677,0.900261437090356,0.06955789565792207,0.969819332748278,0.07172252945381963,0.07498916779280915,0.005813854995369955,0.08080302278817911,0.07195095919382462,0.07195095919382462
69.75,0.9987639852953568,0.001111328036386097,1.2468666825712644e-4,0.004630380576569332,0.9916849894541941,0.0036846299692364867,0.8994785899370636,0.06997462423095688,0.9694532141680205,0.07217947520139867,0.07492372584380605,0.00584862602077586,0.08077235186458191,0.07240876222821042,0.07240876222821042
69.83333333333333,0.9987573672396733,0.0011168979081143003,1.257348522123776e-4,0.004603445834976074,0.9916903586419012,0.003706195523122754,0.8986908303142815,0.07039240026766376,0.9690832305819453,0.07263813679387718,0.0748578735651348,0.005883483785132791,0.08074135735026759,0.072868279382639,0.072868279382639
69.91666666666666,0.99875071262609,0.0011224955157146258,1.2679185819536914e-4,0.004576667038622313,0.9916954461900711,0.00372788677130656,0.897898135248954,0.07081121057552325,0.9687093458244773,0.07309851079763785,0.07479160904282875,0.005918427178035889,0.08071003622086464,0.07332950714877631,0.07332950714877631
70,0.998744021243067,0.0011281209963719915,1.2785776056094416e-4,0.004550043288819247,0.9917002522675601,0.0037497044436207586,0.8971004817789362,0.0712310416973381,0.9683315234762743,0.07356059362977392,0.07472493036388142,0.005953455066967484,0.0806783854308489,0.07379244186871231,0.07379244186871231
70.08333333333333,0.9987372928777696,0.0011337744879388802,1.2893263429162842e-4,0.004523573692008516,0.991704777033888,0.0037716492741034684,0.8962978469542181,0.07165187990988153,0.9679497268640996,0.07402438155751603,0.0746578356163496,0.005988566297185032,0.08064640191353463,0.07425707973439036,0.07425707973439036
70.16666666666666,0.9987305273160586,0.001139456128938475,1.3001655500293927e-4,0.0044972573597334715,0.9917090206392446,0.0037937220010219328,0.8954902078381726,0.07207371122255922,0.9675639190607318,0.07448987069766429,0.07459032288945819,0.006023759691610198,0.08061408258106839,0.07472341678704203,0.07472341678704203
70.25,0.9987237243424834,0.0011451660585677936,1.3110959894873725e-4,0.0044710934086105965,0.9917129832244929,0.0038159233668965103,0.894677541508824,0.07249652137608553,0.9671740628849095,0.07495705701602585,0.07452239027370688,0.0060590340507191785,0.08058142432442607,0.07519144891662764,0.07519144891662764
70.33333333333333,0.9987168837402727,0.001150904416700842,1.3221184302662371e-4,0.004445080960301124,0.9917166649211743,0.003838254118524754,0.8938598250601413,0.07292029584117478,0.966780120901316,0.07542593632685804,0.07445403586097891,0.006094388152434298,0.08054842401341321,0.07566117186128234,0.07566117186128234
70.41666666666666,0.9987100052913249,0.0011566713438917865,1.333233647833846e-4,0.004419219141482739,0.9917200658515116,0.003860715007005676,0.8930370356033528,0.07334501981724838,0.9663820554206012,0.07589650429231762,0.07438525774465146,0.0061298207520169515,0.08051507849666842,0.07613258120676854,0.07613258120676854
70.5,0.9987030887762015,0.0011624669813781374,1.3444424242048023e-4,0.004393507083821454,0.9917231861284144,0.003883306787764133,0.8922091502682824,0.07377067823115846,0.9659798284994409,0.07636875642191648,0.07431605401970803,0.006165330581961972,0.08048138460167001,0.07660567238593506,0.07660567238593506
70.58333333333333,0.9986961339741165,0.0011682914710839318,1.3557455479958018e-4,0.004367943923943709,0.991726025855481,0.0039060302205752937,0.8913761462047106,0.07419725573592886,0.9655734019406395,0.07684268807198387,0.07424642278285279,0.006200916351893458,0.08044733913474625,0.07708044067818275,0.07708044067818275
70.66666666666666,0.9986891406629288,0.0011741449556229543,1.367143814481476e-4,0.004342528803408495,0.9917285851270022,0.003928886069589327,0.8905380005837564,0.07462473670951414,0.9651627372932705,0.07731829444513559,0.0741763621326266,0.006236576748462151,0.08041293888108875,0.0775568812089375,0.0775568812089375
70.75,0.9986821086191329,0.001180027578301954,1.37863802565069e-4,0.004317260868679717,0.9917308640279642,0.003951875103356156,0.8896946905992823,0.0750531052535775,0.9647477958528599,0.07779557058975065,0.07410587016952519,0.006272310435244401,0.08037818060476959,0.07803498894913038,0.07803498894913038
70.83333333333333,0.9986750376178498,0.001185939483123875,1.3902289902633088e-4,0.0042921392710987055,0.9917328626340509,0.003974998094850362,0.8888461934693224,0.07548234519228814,0.9643285386616105,0.07827451139945513,0.07403494499611896,0.006308116052642802,0.08034306104876177,0.07851475871468581,0.07851475871468581
70.91666666666666,0.9986679274328181,0.0011918808147911148,1.401917523907475e-4,0.004267163166856816,0.991734581011647,0.003998255821496259,0.8879924864375326,0.07591244007113913,0.9639049265086718,0.0787551116126142,0.07396358471717482,0.006343992217788566,0.08030757693496339,0.07899618516601753,0.07899618516601753
71,0.9986607778363854,0.0011978517187087806,1.413704449057345e-4,0.0042423317169682185,0.9917360192178387,0.004021649065193065,0.8871335467746633,0.07634337315578649,0.9634769199304498,0.07923736581183227,0.07389178743977995,0.006379937524445684,0.08027172496422563,0.079479262807532855,0.079479262807532855
71.08333333333333,0.9986535885994989,0.0012038523409879632,1.4255905951313124e-4,0.004217644087242871,0.9917371773004169,0.00404517861234021,0.8862693517800557,0.07677512743090995,0.9630444792109657,0.07972126842346136,0.07381955127346734,0.006415950542916945,0.0802355018163843,0.07996398598714555,0.07996398598714555
71.16666666666666,0.998646359491696,0.001209882828449034,1.4375767985507515e-4,0.004193099448259536,0.9917380552978778,0.004068845253862828,0.8853998787831606,0.07720768559909674,0.9626075643822574,0.08020681371711837,0.07374687433034333,0.006452029819951896,0.08019890415029522,0.08045034889579779,0.08045034889579779
71.25,0.9986390902810951,0.0012159433286249447,1.4496639027992308e-4,0.004168696975339034,0.9917386532394237,0.004092649785237343,0.8845251051450793,0.07764103007974878,0.9621661352248281,0.08069399580521143,0.07367375472521695,0.006488173878656784,0.08016192860387374,0.0809383455669909,0.0809383455669909
71.33333333333333,0.9986317807343873,0.0012220339897645437,1.4618527584822364e-4,0.0041444358485176235,0.9917389711449652,0.004116593006517187,0.8836450082601276,0.07807514300801406,0.9617201512681417,0.08118280864247542,0.07360019057573132,0.006524381218406566,0.08012457179413789,0.08142796987632583,0.08142796987632583
71.41666666666666,0.9986244306168252,0.0012281549608359114,1.4741442233874097e-4,0.004120315252520477,0.9917390090251209,0.0041406757223587274,0.8827595655574241,0.07851000623374353,0.9612695717911676,0.08167324602551713,0.07352618000249679,0.006560650314759046,0.08008683031725583,0.08191921554105334,0.08191921554105334
71.5,0.9986170396922157,0.0012343063915297029,1.4865391625452844e-4,0.0040963343767353635,0.9917387668812172,0.004164898742047242,0.8818687545024989,0.07894560132047357,0.9608143558229725,0.08216530159237034,0.07345172112922611,0.006596979619371207,0.08004870074859732,0.08241207611963403,0.08241207611963403
71.58333333333333,0.9986096077229084,0.0012404884322625032,1.4990384482905364e-4,0.004072492415186446,0.9917382447052905,0.004189262879523099,0.8809725525989279,0.07938190954443543,0.9603544621433634,0.08265896882206099,0.07337681208287147,0.0066333675599178216,0.0800101796427893,0.0829065450113089,0.0829065450113089
71.66666666666666,0.9986021344697875,0.001246701234180214,1.5116429603237693e-4,0.004048788566508187,0.9917374424800837,0.004213768953408074,0.8800709373899874,0.07981891189359228,0.9598898492835797,0.0831542410341829,0.0733014509937634,0.006669812540012367,0.07997126353377576,0.08340261545568028,0.08340261545568028
71.75,0.9985946196922613,0.001252944949161423,1.524353585773803e-4,0.004025222033919467,0.9917363601790486,0.004238417787031783,0.879163886460334,0.08025658906670456,0.9594204755270386,0.08365111138848397,0.07322563599575167,0.0067063129391303905,0.07993194893488206,0.08390028053230385,0.08390028053230385
71.83333333333333,0.9985870631482532,0.00125921972982082,1.5371712192604944e-4,0.004001792025197797,0.991734997766344,0.004263210208458265,0.8782513774377061,0.08069492147242481,0.958946298910131,0.08414957288446373,0.07314936522634814,0.0067428671125353,0.07989223233888344,0.08439953316029143,0.08439953316029143
71.91666666666666,0.9985794645941916,0.0012655257295126027,1.550096762958106e-4,0.003978497752653651,0.9917333551968336,0.004288147050512749,0.8773333879946493,0.08113388922842239,0.9584672772230717,0.08464961836098184,0.0730726368268714,0.006779473391206736,0.07985211021807814,0.08490036609792555,0.08490036609792555
72,0.9985718237850001,0.0012718631023339124,1.5631311266591918e-4,0.003955338433105001,0.9917314324160864,0.004313229150808509,0.8764098958502644,0.08157347216053927,0.9579833680108036,0.08515124049587813,0.07299544894259347,0.0068161300817715376,0.079811579024365,0.08540277194228545,0.08540277194228545
72.08333333333333,0.9985641404740878,0.0012782320031282744,1.5762752278390243e-4,0.0039323132878519365,0.9917292293603742,0.0043384573517738926,0.8754808787719789,0.08201364980197762,0.9574945285739564,0.08565443180560474,0.07291779972288837,0.006852835466437404,0.07977063518932577,0.08590674312888501,0.08590674312888501
72.16666666666666,0.9985564144133389,0.0012846325874890574,1.589529991720588e-4,0.0039094215426514365,0.991726745956669,0.0043638325006795115,0.8745463145773418,0.08245440139252008,0.9570007159698619,0.08615918464486996,0.0728396873213826,0.006889587802929316,0.07972927512431191,0.08641227193132311,0.08641227193132311
72.25,0.998548645353103,0.001291065011762946,1.602896351340104e-4,0.003886662427692293,0.9917239821226421,0.004389355449665552,0.8736061811358407,0.08289570587778348,0.9565018870136242,0.08666549120629465,0.07276110989610766,0.006926385324428773,0.07968749522053643,0.0869193504609461,0.0869193504609461
72.33333333333333,0.9985408330421852,0.0012975294330534216,1.6163752476131034e-4,0.0038640351775701544,0.9917209377666605,0.0044150270557692314,0.8726604563707434,0.08333754190850708,0.9559979982792505,0.08717334352008117,0.0726820656096544,0.006963226239515956,0.07964529184917035,0.08742797066652334,0.08742797066652334
72.41666666666666,0.9985329772278355,0.0013040260092242735,1.6299676294010895e-4,0.0038415390312627066,0.9917176127877848,0.004440848180952453,0.8717091182609623,0.08377988783987587,0.9554890061008382,0.08768273345369512,0.07260255262932933,0.007000108732114841,0.07960266136144417,0.0879381243339355,0.0879381243339355
72.5,0.9985250776557391,0.0013105548989031058,1.6436744535787382e-4,0.0038191732321049914,0.9917140070757655,0.004466819692129538,0.8707521448429417,0.084222721730880315,0.954974866573822,0.08819365271156032,0.07252256912731295,0.0070370309614413784,0.07955960008875433,0.08844980308587619,0.08844980308587619
72.58333333333333,0.998517134070005,0.0013171162614848697,1.6574966851016698e-4,0.0037969370277648696,0.99171012051104,0.004492942461195152,0.8697895142125693,0.08466602134371277,0.9544555355562822,0.08870609283476695,0.07244211328081997,0.007073991061954785,0.07951610434277476,0.08896299838156702,0.08896299838156702
72.66666666666666,0.998509146213157,0.0013237102571354068,1.671435297074812e-4,0.003774829670218599,0.991705952964729,0.004519217365052387,0.8688212045271101,0.0851097641432021,0.9539309686703121,0.08922004520079363,0.07236118327226143,0.0071109871433120385,0.07947217041557347,0.08947770151648658,0.08947770151648658
72.75,0.9985011138261229,0.0013303370467950093,1.6854912708213246e-4,0.0037528504157265537,0.9917015042986325,0.0045456452856409745,0.8678471940071645,0.08555392729628683,0.9534011213034513,0.08973550102324294,0.07227977728940893,0.007148017290325631,0.07942779457973456,0.089993903622113125,0.089993903622113125
72.83333333333333,0.9984930366482228,0.001336996792181992,1.6996655959521093e-4,0.003730998524809083,0.9916967743652253,0.004572227109965653,0.8668674609386501,0.08599848767152832,0.9528659486101784,0.09025245135159161,0.07219789352556065,0.007185079562924685,0.07938297308848534,0.0905115956656818,0.0905115956656818
72.91666666666666,0.9984849144171601,0.0013436896557962744,1.7139592704359222e-4,0.0037092732622224923,0.9916917630076528,0.004598963730124705,0.8658819836748056,0.08644342183866414,0.9523254055134698,0.09077088707095453,0.07211553017970941,0.007222171996119475,0.07933770217582889,0.09103076844995632,0.09103076844995632
73,0.9984767468690099,0.0013504158009229968,1.728373300670066e-4,0.003687673896935147,0.9916864700597263,0.004625856043338634,0.8648907406382204,0.08688870606820329,0.9517794467064237,0.09129079890186377,0.07203268545671272,0.00725929259996945,0.07929197805668217,0.09155141261301511,0.09155141261301511
73.08333333333333,0.9984685337382087,0.0013571753916361193,1.7429087015516752e-4,0.003666199702103739,0.9916808953459172,0.004652904951978994,0.8638937103228851,0.08733431633106349,0.9512280266539486,0.09181217740006227,0.0719493575674647,0.007296439359554813,0.07924579692701952,0.0920735186280527,0.0920735186280527
73.16666666666666,0.998460274757543,0.0013639685928020665,1.757566496549634e-4,0.0036448499550496443,0.991675038681353,0.004680111363597384,0.8628908712962682,0.08778022829825204,0.9506710995945202,0.09233501295631266,0.07186554472907011,0.0073336102349517845,0.0791991549640219,0.09259707680319634,0.09259707680319634
73.25,0.998451969658139,0.0013707955700833668,1.7723477177770727e-4,0.0036236239372354215,0.9916688998718101,0.004707476190954619,0.8618822022014146,0.08822641734059081,0.9501086195420054,0.09285929579622156,0.07178124516502013,0.0073708031612115445,0.07915204832623167,0.09312207728133799,0.09312207728133799
73.33333333333333,0.9984436181694512,0.0013776564899423164,1.787253406064482e-4,0.00360252093424147,0.9916624787137085,0.004735000352049977,0.8608676817590687,0.08867285852848628,0.949540540287555,0.09338501598007912,0.07169645710537037,0.007408016048342998,0.07910447315371337,0.09364851003998181,0.09364851003998181
73.41666666666666,0.9984352200192519,0.0013845515196446543,1.8022846110334702e-4,0.0035815402357427637,0.9916557749941066,0.004762684770150725,0.8598472887698201,0.08911952663174569,0.9489668154015658,0.09391216340271474,0.0716111787869206,0.007445246781299417,0.07905642556822001,0.0941763648911081,0.0941763648911081
73.5,0.9984267749336198,0.0013914808272632502,1.8174423911711225e-4,0.0035606811354857376,0.9916487884906926,0.004790530373821705,0.8588210021162744,0.0895663961194403,0.9483873982357147,0.0944407277933687,0.07152540845339674,0.007482493219969023,0.07900790167336576,0.09470563148105268,0.09470563148105268
73.58333333333333,0.9984182826369277,0.00139844458168181,1.8327278139049807e-4,0.0035399429312653243,0.9916415189717795,0.0048185380969551096,0.8577888007652472,0.09001344115981626,0.9478022419250635,0.09497069871557978,0.07143914435563448,0.007519753199169617,0.07895889755480409,0.09523629929040332,0.09523629929040332
73.66666666666666,0.9984097428518335,0.0014054429525985977,1.848141955678698e-4,0.0035193249249020685,0.9916339661962974,0.004846708878800443,0.8567506637699803,0.09046063562025458,0.9472112993902349,0.09550206556708984,0.0713523847517652,0.007557024528647307,0.0789094092804125,0.09576835763391237,0.09576835763391237
73.75,0.998401155299267,0.001412476110530175,1.8636859020282952e-4,0.003498826422219391,0.9916261299137861,0.004875043663994623,0.8557065702723845,0.0909079530672808,0.9466145233396653,0.09603481757976484,0.07126512790740366,0.007594304993079418,0.07885943290048308,0.09630179566042626,0.09630179566042626
73.83333333333333,0.9983925196984189,0.001419544226815136,1.8793607476590734e-4,0.003478446733021004,0.9916180098643868,0.004903543402592208,0.8546564995053038,0.09135536676662522,0.946011866271929,0.09656894381953272,0.07117737209583783,0.007631592352081669,0.07880896444791949,0.09683660235283219,0.09683660235283219
73.91666666666666,0.9983838357667298,0.0014266474736178893,1.8951675965231933e-4,0.003458185171068389,0.9916096057788358,0.004932209050095865,0.8536004307948041,0.09180284968333483,0.9454032804781389,0.09710443318633866,0.07108911559822043,0.007668884340219698,0.07875799993844013,0.09737276652802196,0.09737276652802196
74,0.9983751032198777,0.0014337860239324268,1.9111075618978888e-4,0.0034380410540584367,0.9916009173784546,0.004961041567486947,0.8525383435624863,0.09225037448193792,0.9447887180444242,0.0976412744141175,0.07100035670376284,0.007706178667024996,0.07870653537078784,0.09791027683687328,0.09791027683687328
74.08333333333333,0.9983663217717675,0.0014409600515861202,1.9271817664643585e-4,0.003418013703601238,0.9915919443751426,0.004990041921256215,0.8514702173278219,0.09269791352666201,0.9441681308544839,0.09817945607078396,0.07091109370993068,0.007743473017015348,0.07865456672694603,0.09844912176424889,0.09844912176424889
74.16666666666666,0.9983574911345178,0.0014481697312435362,1.9433913423873194e-4,0.00339810244519792,0.9915826864713673,0.005019211083434801,0.8503960317105145,0.09314543888170636,0.9435414705922208,0.09871896655824033,0.07082132492264151,0.007780765049719836,0.07860208997236134,0.09898928962901327,0.09898928962901327
74.25,0.9983486110184503,0.001455415238410257,1.9597374313952393e-4,0.0033783066082186636,0.9915731433601561,0.005048550031625264,0.849315766432882,0.09359292231156972,0.9429086887444517,0.09925979411240254,0.07073104865646448,0.007818052399708512,0.07854910105617299,0.09953076858406783,0.09953076858406783
74.33333333333333,0.9983396811320772,0.0014626967494367161,1.9762211848612282e-4,0.003358625525880841,0.9915633147250863,0.005078059749032834,0.848229401322266,0.09404033528143459,0.9422697366037006,0.09980192680324405,0.070640263234822,0.007855332676626796,0.0784955959114488,0.10007354661640416,0.10007354661640416
74.41666666666666,0.9983307011820894,0.0014700144415220615,1.9928437638846533e-4,0.0033390585352272334,0.9915532002402759,0.005107741224496853,0.8471369163134623,0.0944876489576085,0.9416245652710709,0.10034535253485852,0.07054896699019331,0.007892603465234677,0.07844157045542799,0.10061761154717581,0.10061761154717581
74.5,0.9983216708733447,0.0014773684927180276,2.0096063393734123e-4,0.00331960497710439,0.9915427995703732,0.005137595452522344,0.8460382914511773,0.09493483420802375,0.940973125659201,0.10089005904554067,0.07045715826432015,0.007929862325450825,0.07838702058977098,0.10116295103178884,0.10116295103178884
74.58333333333333,0.9983125899088545,0.0014847590819328067,2.0265100921269016e-4,0.003300264196141143,0.991532112370547,0.005167623433311749,0.8449335068925066,0.09538186160279606,0.9403153684953026,0.10143603390788625,0.07036483540841437,0.00796710679240165,0.07833194220081602,0.10170955256001112,0.10170955256001112
74.66666666666666,0.9983034579897732,0.0014921863889349664,2.043556212919719e-4,0.0032810355407271547,0.9915211382864759,0.005197826172796887,0.8438225429094383,0.09582870141484352,0.9396512443242818,0.1019832645289109,0.0702719967833674,0.008004334376475415,0.07827633115984281,0.10225740345610099,0.10225740345610099
74.75,0.9982942748153841,0.0014996505943573562,2.0607459025860482e-4,0.003261918362991669,0.9915098769543372,0.005228204682671026,0.8427053798913797,0.09627532362056643,0.9389807035119462,0.10253173815018826,0.07017864075996201,0.008041542563381479,0.07822018332334349,0.10280649087895473,0.10280649087895473
74.83333333333333,0.9982850400830885,0.0015071518797010388,2.0780803721047504e-4,0.003242912018782343,0.9914983280007964,0.005258759980421125,0.8415819983477086,0.09672169790058906,0.9383036962482977,0.10308144184800715,0.07008476571908565,0.00807872881421473,0.07816349453330038,0.10335680182227408,0.10335680182227408
74.91666666666666,0.9982757534883923,0.0015146904273392442,2.0955608426852126e-4,0.003224015867644168,0.9914864910429956,0.005289493089360328,0.8404523789103469,0.09716779364056449,0.9376201725509113,0.10363236253354866,0.0699903700519461,0.008115890565525318,0.07810626061747142,0.10390832311475288,0.10390832311475288
75,0.9982664147248934,0.0015222664205213265,2.1131885458538908e-4,0.003205229272798561,0.9914743656885411,0.005320405038660526,0.8393165023363595,0.09761357993204318,0.9369300822684027,0.10418448695308279,0.06989545216028897,0.008153025229393727,0.07804847738968271,0.10446104142028378,0.10446104142028378
75.08333333333333,0.9982570234842693,0.0015298800433767355,2.1309647235415866e-4,0.003186551601122539,0.9914619515354924,0.005351496863385136,0.838174349510576,0.09805902557340627,0.9362333750839823,0.10473780168818501,0.06980001045661718,0.008190130193511287,0.07799014065012846,0.10501494323818476,0.10501494323818476
75.16666666666666,0.9982475794562639,0.001537531480919025,2.1488906281714895e-4,0.003167982223128001,0.9914492481723499,0.0053827696045221024,0.8370259014482367,0.09850409907086465,0.9355300005191014,0.10529229315597284,0.06970404336441241,0.008227202821266221,0.07793124618567863,0.10557001490344611,0.10557001490344611
75.25,0.9982380823286754,0.0015452209190498466,2.1669675227479362e-4,0.0031495205129411508,0.9914362551780417,0.005414224309016987,0.8358711392976613,0.0989487686395247,0.9348199079371861,0.10584794760936288,0.06960754931835851,0.008264240451835263,0.07787178977019377,0.10612624258699761,0.10612624258699761
75.33333333333333,0.9982285317873424,0.0015529485445629817,2.1851966809459302e-4,0.003131165848282015,0.9914229721219118,0.00544586202980629,0.834710044342943,0.09939300220452159,0.9341030465474647,0.10640475113734801,0.06951052676456698,0.008301240400280942,0.07781176716484792,0.10668361229599593,0.10668361229599593
75.41666666666666,0.9982189275161315,0.001560714545148378,2.20357938720143e-4,0.0031129176104440683,0.9914093985637051,0.005477683825850944,0.8335425980066645,0.099836767402221,0.9333793654088856,0.10696268966529542,0.0694129741608043,0.008338199957654634,0.07775117411845894,0.10724210987413317,0.10724210987413317
75.5,0.9982092691969235,0.0015685191093962056,2.2221169368023905e-4,0.003094775184273992,0.991395534053556,0.0055096907621699715,0.8323687818526389,0.10028003158149021,0.9326488134341291,0.10752174895526499,0.0693148899767213,0.00837511639110541,0.07769000636782672,0.1078017210019659,0.1078017210019659
75.58333333333333,0.998199556509601,0.0015763624268009255,2.2408106359805653e-4,0.0030767379581515333,0.9913813781319742,0.005541883909874315,0.8311885775886727,0.10072276180503965,0.9319113393937124,0.10808191460634911,0.06921627269408447,0.008411986943994806,0.07762825963807927,0.10836243119726521,0.10836243119726521
75.66666666666666,0.998189789132034,0.0015842446877653788,2.25966180200412e-4,0.003058805323969461,0.9913669303298297,0.005574264346200874,0.8300019670693546,0.10116492485083568,0.9311668919201903,0.10864317205503314,0.06911712080700916,0.008448808836017542,0.0775659296430267,0.10892422581538806,0.10892422581538806
75.75,0.998179966740068,0.001592166083604889,2.2786717632709982e-4,0.0030409766771136567,0.9913521901683395,0.00560683315454671,0.8288089322988652,0.10160648721358533,0.9304154195124505,0.10920550657557719,0.06901743282219491,0.008485579263328314,0.07750301208552322,0.10948709004966962,0.10948709004966962
75.83333333333333,0.9981700890075084,0.0016001268065513712,2.2978418594030747e-4,0.0030232514164433076,0.9913371571590534,0.0056395914245034,0.8276094554338126,0.10204741510629424,0.9296568705401068,0.10976890328041927,0.06891720725916256,0.0085222953986747,0.07743950265783726,0.11005100893183747,0.11005100893183747
75.91666666666666,0.9981601556061084,0.0016081270497574742,2.3171734413411426e-4,0.0030056289442711983,0.9913218308038372,0.005672540251891629,0.8264035187860888,0.10248767446189859,0.9288911932479873,0.11033334712060008,0.06881644265049335,0.008558954391536259,0.0773753970420296,0.11061596733244695,0.11061596733244695
76,0.9981501662055552,0.0016161670073007307,2.3366678714406726e-4,0.002988108666344121,0.9913062105948599,0.0057056807387959345,0.8251911048257516,0.10292723093497165,0.9281183357607233,0.11089882288620914,0.06871513754207004,0.00859555336826991,0.07731069091033994,0.11118194996133833,0.11118194996133833
76.08333333333333,0.9981401204734555,0.0016242468741877094,2.3563265235683746e-4,0.002970689991823395,0.991290296014577,0.005739013993599616,0.8239721961839294,0.1033660499035062,0.9273382460874355,0.11146531520685299,0.06861329049331988,0.008632089432261654,0.07724537992558153,0.11174894136811599,0.11174894136811599
76.16666666666666,0.9981300180753219,0.0016323668463582067,2.3761507831996195e-4,0.002953372333265489,0.9912740865357147,0.005772541131019866,0.8227467756557476,0.10380409647077353,0.9265508721265211,0.11203280855214501,0.0685109000774595,0.00866855966408472,0.07717945974154422,0.1123169259426495,0.1123169259426495
76.25,0.998119858674559,0.0016405271206894406,2.3961420475166476e-4,0.002936155106602747,0.9912575816212543,0.005806263272143078,0.8215148262032805,0.10424133546725979,0.9257561616705403,0.11260128723221761,0.06840796488174186,0.00870496112166419,0.07711292600340605,0.1128858879155966,0.1128858879155966
76.33333333333333,0.9981096419324491,0.0016487278950002564,2.416301725507614e-4,0.0029190377311242395,0.9912407807244156,0.005840181544460308,0.8202763309585245,0.10467773145268078,0.9249540624112053,0.11317073539825633,0.06830448350770496,0.008741290840448189,0.07704577434815316,0.11345581135894864,0.11345581135894864
76.41666666666666,0.998099367508138,0.0016569693680553602,2.43663123806649e-4,0.0029020196294566964,0.9912236832886404,0.0058742970819029615,0.8190312732263948,0.10511324871807579,0.9241445219444706,0.1137411370430563,0.0682004545714225,0.008777545833585722,0.07697800040500823,0.11402668018659849,0.11402668018659849
76.5,0.9980890350586211,0.0016652517395695657,2.457132018093801e-4,0.002885100227545551,0.9912062887475757,0.005908611024878679,0.8177796364877454,0.10554785128798155,0.9233274877757269,0.11431247600160124,0.06809587670375655,0.00881372309211119,0.07690959979586774,0.1145984781549304,0.1145984781549304
76.58333333333333,0.9980786442387282,0.0016735752102120382,2.477805510598194e-4,0.0028682789546361173,0.9911885965250564,0.005943124520307325,0.8165214044024117,0.105981502922687,0.9225029073250988,0.11488473595166472,0.06799074855061195,0.008849819585135695,0.07684056813574765,0.11517118886343314,0.11517118886343314
76.66666666666666,0.9980681947011096,0.0016819399816105861,2.4986531727989154e-4,0.0028515552432548264,0.991170606035088,0.005977838721657282,0.8152565608122752,0.10641416712056968,0.9216707279328449,0.11545790041443442,0.0678850687731928,0.008885832260045181,0.07677090103323797,0.11574479575533521,0.11574479575533521
76.75,0.9980576860962211,0.0016903462563559455,2.5196764742291126e-4,0.0028349285291905868,0.9911523166818276,0.006012754788981874,0.8139850897443521,0.10684580712051468,0.9208308968648669,0.11603195275515873,0.06777883604826064,0.008921758042705476,0.07670059409096612,0.11631928211826316,0.11631928211826316
76.83333333333333,0.9980471180723101,0.0016987942380060836,2.5408768968400105e-4,0.002818398251476277,0.9911337278595678,0.006047873888955944,0.8127069754139034,0.10727638590441677,0.9199833613183201,0.1166068761838166,0.06767204906839462,0.008957593837674308,0.07662964290606893,0.11689463108492293,0.11689463108492293
76.91666666666666,0.9980364902753989,0.0017072841310905268,2.5622559351060135e-4,0.0028019638523702826,0.991114838952717,0.006083197194912724,0.8114222022275677,0.10770586619976666,0.9191280684273343,0.1171826537558099,0.06756470654225351,0.008993336528420371,0.07655804307067388,0.11747082563380379,0.11747082563380379
77,0.9980258023492723,0.001715816141114699,2.5838150961306514e-4,0.0027856247773381825,0.991095649335781,0.0061187258868808094,0.8101307547865165,0.10813421048232227,0.9182649652688388,0.11775926837267935,0.06745680719483951,0.009028982977549484,0.07648579017238899,0.11804784858990584,0.11804784858990584
77.08333333333333,0.9980150539354603,0.0017243904745642676,2.6055558997534244e-4,0.0027693804750345266,0.9910761583733442,0.006154461151621348,0.8088326178896321,0.10856138097886535,0.9173939988684975,0.11833670278284317,0.0673483497677641,0.009064530027037917,0.07641287979480202,0.1186256826254902,0.1186256826254902
77.16666666666666,0.9980042446732247,0.0017330073389095286,2.6274798786575954e-4,0.0027532303972846923,0.9910563654200499,0.006190404182665469,0.8075277765367064,0.10898733967004468,0.9165151162067511,0.11891493958235914,0.06723933301951539,0.009099974498472956,0.07633930751798834,0.11920431026085307,0.11920431026085307
77.25,0.9979933741995424,0.0017416669426097854,2.64958857847885e-4,0.0027371739990668643,0.9910362698205814,0.006226556180351863,0.806216215931663,0.1094120482933063,0.9156282642249693,0.11949396121570993,0.06712975572572763,0.00913531319330075,0.07626506891902837,0.1197837138651226,0.1197837138651226
77.33333333333333,0.9979824421490909,0.0017503694951177446,2.671883557914876e-4,0.0027212107384941256,0.9910158709096414,0.006262918351864523,0.8048979214858003,0.10983546834591171,0.914733389831712,0.12007374997661195,0.06701961667945236,0.009170542893081507,0.07619015957253386,0.12036387565707944,0.12036387565707944
77.41666666666666,0.9979714481542324,0.0017591152068839476,2.694366388835919e-4,0.002705340076796604,0.9909951680119325,0.006299491911270809,0.8035728788210567,0.11025756108804446,0.9138304399091011,0.12065428800884748,0.0669089146914314,0.00920566035975211,0.0761145750511835,0.12094477770600087,0.12094477770600087
77.5,0.9979603918449991,0.0017679042893611995,2.7170386563962176e-4,0.002689561478303756,0.9909741604421367,0.006336278079559574,0.8022410737732968,0.11067828754600617,0.912919361319303,0.12123555730712046,0.06679764859037154,0.00924066233589619,0.07603831092626773,0.12152640193252856,0.12152640193252856
77.58333333333333,0.9979492728490765,0.0017767369550090158,2.739901959146407e-4,0.0026738744104267517,0.9909528475048935,0.0063732780846795355,0.8009024923956204,0.1110976085155024,0.9120001009111228,0.12181753971793606,0.06668581722322132,0.00927554554502173,0.07596136276824306,0.12210873010955947,0.12210873010955947
77.66666666666666,0.9979380907917872,0.0017856134172980977,2.762957909146878e-4,0.0026582783436409135,0.990931228494781,0.006410493161577923,0.7995571209616916,0.11151548456501914,0.9110726055267108,0.12240021694050347,0.06657341945544916,0.00931030669184624,0.0758837261472954,0.12269174386316127,0.12269174386316127
77.75,0.9979268452960769,0.0017945338907148088,2.7862081320820904e-4,0.0026427727514683062,0.9909093026962924,0.006447924552239198,0.7982049459690884,0.11193187603929064,0.9101368220083791,0.1229835705276631,0.06646045417132349,0.00934494246258957,0.07580539663391306,0.12327542467351095,0.12327542467351095
77.83333333333333,0.9979155359824967,0.0018034985907656722,2.8096542673758374e-4,0.0026273571104604037,0.9908870693838157,0.0064855735057240405,0.7968459541426752,0.11234674306285905,0.9091926972055343,0.12356758188683699,0.06634692027419459,0.0093794495252744,0.07572636979946899,0.12385975387585753,0.12385975387585753
77.91666666666666,0.9979041624691873,0.0018125077339818938,2.8332979683075207e-4,0.0026120309001808175,0.9908645278216106,0.00652344127820859,0.795480132437995,0.11276004554372657,0.9082401779817215,0.1241522322810034,0.06623281668677819,0.00941382453003447,0.07564664121681267,0.1244447126615084,0.1244447126615084
78,0.9978927243718632,0.0018215615379238888,2.857140902129379e-4,0.002596793603188186,0.990841677263788,0.0065615291330237855,0.7941074680446816,0.11317174317710074,0.9072792112217823,0.12473750282969524,0.06611814235144062,0.009448064109430592,0.07556620646087121,0.12503028207884004,0.12503028207884004
78.08333333333333,0.9978812213037956,0.0018306602211858249,2.8811847501847087e-4,0.00258164470501911,0.990818516954286,0.006599838340694964,0.7927279483898935,0.11358179544923348,0.906309743839127,0.1253233745100225,0.06600289623048586,0.009482164878774487,0.07548506110926034,0.1256164430343322,0.1256164430343322
78.16666666666666,0.9978696528757971,0.0018398040034001918,2.905431208027119e-4,0.002566583694171197,0.9907950461268471,0.006638370178981694,0.7913415611417672,0.11399016164135423,0.9053317227831215,0.12590982815771867,0.06588707730644411,0.009516123436460504,0.07540320074290462,0.12620317629362657,0.12620317629362657
78.25,0.9978580186962036,0.0018489931052423812,2.9298819855407606e-4,0.0025516100620862044,0.9907712640049959,0.006677125932917752,0.7899482942128913,0.11439680083369791,0.9043450950465892,0.12649684446821102,0.0657706845823621,0.009549936364305256,0.07532062094666736,0.1267904624826092,0.1267904624826092
78.33333333333333,0.9978463183708587,0.0018582277484352743,2.9545388070615654e-4,0.0025367233031332787,0.9907471698020154,0.006716106894851338,0.7885481357637991,0.11480167190962827,0.9033498076734274,0.1270844039977153,0.06565371708209508,0.009583600227895216,0.0752373173099903,0.12737828208851712,0.12737828208851712
78.41666666666666,0.9978345515030962,0.0018675081557538655,2.9794034114995666e-4,0.0025219229145922706,0.9907227627209222,0.006755314364485523,0.7871410742064828,0.11520473355985694,0.9023458077663398,0.1276724871643543,0.06553617385060034,0.009617111576942318,0.07515328542754265,0.12796661546106908,0.12796661546106908
78.5,0.9978227176937239,0.001876834551029883,3.0044775524621926e-4,0.0025072083966371644,0.9906980419544439,0.006794749648918851,0.7857270982079253,0.11560594428675867,0.9013330424946839,0.1282610742493006,0.0654180539542324,0.009650466945647586,0.07506852089987999,0.12855544281362036,0.12855544281362036
78.58333333333333,0.9978108165410057,0.001886207159156429,3.029762998378623e-4,0.0024925792523195944,0.9906730066849943,0.006834414062686189,0.7843061966936524,0.11600526240878342,0.9003114591024358,0.1288501453979434,0.06529935648103985,0.009683662853072872,0.07498301933411272,0.1291447442243419,0.1291447442243419
78.66666666666666,0.9977988476406449,0.0018956262060926508,3.05526153262523e-4,0.002478034987552435,0.9906476560846477,0.006874308927799789,0.782878358851304,0.11640264606496553,0.8992810049162695,0.12943968062107972,0.06518008054106361,0.009716695803520657,0.07489677634458428,0.1297344996374235,0.1297344996374235
78.75,0.9977868105857665,0.0019050919188684124,3.080974953652034e-4,0.0024635751110935063,0.990621989315116,0.006914435573790555,0.7814435741342229,0.11679805321953027,0.8982416273537532,0.13002965979612952,0.06506022526663696,0.009749562286922036,0.07480978755355899,0.13032468886430104,0.13032468886430104
78.83333333333333,0.9977747049668998,0.0019146045255889817,3.1069050751102466e-4,0.0024491991345293672,0.9905960055277211,0.006954795337749471,0.780001832265064,0.11719144166659862,0.8971932739316626,0.13062006266837534,0.0649397898126868,0.009782258779232856,0.07472204859191967,0.1309152915849084,0.1309152915849084
78.91666666666666,0.997762530371962,0.0019241642554397491,3.133053725980909e-4,0.0024349065722591785,0.9905697038633715,0.006995389564369365,0.7785531232394196,0.11758276903498992,0.8961358922744095,0.13121086885222583,0.06481877335703685,0.009814781742838057,0.0746335550998749,0.13150628734895287,0.13150628734895287
79,0.9977502863862385,0.0019337713386909463,0.00031594227507045995,0.002420696941478675,0.9905430834525346,0.007036219605986769,0.7770974373294651,0.11797199279312345,0.8950694301225885,0.1318020578325036,0.06469717510071189,0.009847127626964252,0.07454430272767615,0.13209765557721553,0.13209765557721553
79.08333333333333,0.9977379725923663,0.0019434260067023865,3.1860140093122323e-4,0.0024065697621642344,0.9905161434152119,0.007077286822624024,0.7756347650876204,0.11835907025401861,0.893993835341639,0.13239360896575733,0.06457499426824376,0.009879292868100542,0.0744542871363443,0.13268937556287527,0.13268937556287527
79.16666666666666,0.9977255885703159,0.001953128491928228,3.2128293775569926e-4,0.002392524557057003,0.9904888828609113,0.00711859258203166,0.7741650973502299,0.11874395858039441,0.8929090559306243,0.1329855014815981,0.06445223010797874,0.009911273890427614,0.07436350399840636,0.13328142647285712,0.13328142647285712
79.25,0.9977131338973735,0.0019628790279217446,3.239870747047366e-4,0.002378560851647142,0.9904613008886218,0.007160138259730919,0.7726884252412598,0.11912661478986832,0.8918150400311281,0.13357771448405972,0.06432888189238634,0.009943067106255123,0.07427194899864145,0.13387378734920496,0.13387378734920496
79.33333333333333,0.9977006081481218,0.00197267784934011,3.26714002538127e-4,0.002364678174158154,0.9904333965867854,0.007201925239056534,0.7712047401760121,0.11950699576025466,0.8907117359362668,0.1341702269529833,0.06420494891836946,0.009974668916467398,0.07417961783483686,0.1344664371104782,0.1344664371104782
79.41666666666666,0.9976880108944225,0.0019825251919492097,3.2946391362813896e-4,0.0023508760555312814,0.990405169033269,0.007243954911199709,0.769714033864855,0.1198850582349629,0.8895990920998179,0.13476301774542632,0.06408043050757603,0.01000607571097744,0.07408650621855348,0.13505935455317258,0.13505935455317258
79.5,0.9976753417053984,0.001992421292628469,3.322370019731594e-4,0.0023371540294100067,0.9903766172953387,0.007286228675251357,0.7682162983169699,0.12026075882849566,0.8884770571454655,0.13535606559709512,0.06395532600671187,0.010037283869189277,0.07399260987590114,0.13565251835316527,0.13565251835316527
79.58333333333333,0.9976626001474127,0.0020023663893756747,3.3503346321145085e-4,0.0023235116321246472,0.9903477404296298,0.007328747938245491,0.7667115258441152,0.12063405403204702,0.8873455798761622,0.13594934912380213,0.06382963478785496,0.010068289760468661,0.07389792454832361,0.13624590706718384,0.13624590706718384
79.66666666666666,0.9976497857840533,0.002012360721311845,3.3785349463503106e-4,0.002309948402677009,0.9903185374821201,0.007371514115202918,0.7651997090644039,0.12100490021920084,0.8862046092836048,0.13654284682294698,0.06370335624877099,0.010099089744622088,0.07380244599339308,0.13683949913429935,0.13683949913429935
79.75,0.9976368981761103,0.0020224045286860934,3.406972952036633e-4,0.00229646388272515,0.9902890074880997,0.007414528629175087,0.7636808409060999,0.1213732536517293,0.8850540945578291,0.13713653707502146,0.0635764898132302,0.010129680172384206,0.07370616998561441,0.13743327287744384,0.13743327287744384
79.83333333333333,0.9976239368815605,0.002032498052880511,3.43565065558967e-4,0.0022830576165682277,0.9902591494721437,0.007457792911288184,0.7621549146114251,0.12173907048549167,0.8838939850969169,0.1377303981451387,0.06344903493132543,0.01016005738591354,0.07360909231723897,0.13802720650495093,0.13802720650495093
79.91666666666666,0.9976109014555462,0.0020426415364150803,3.4645700803865085e-4,0.002269729151131411,0.9902289624480811,0.007501308400787489,0.7606219237403853,0.12210230677643336,0.8827242305168186,0.1383244081845864,0.0633209910797914,0.010190217719296596,0.073511208799088,0.1386212781121213,0.1386212781121213
80,0.9975977914503564,0.002052835222952591,3.4937332669086256e-4,0.0022564780359508995,0.9901984454189672,0.007545076545081894,0.7590818621746084,0.12246291848668496,0.8815447806612934,0.13891854523240332,0.06319235776232521,0.010220157499060273,0.07341251526138548,0.13921546568281132,0.13921546568281132
80.08333333333333,0.9975846064154078,0.0020630793573035615,3.5231422728865963e-4,0.0022433038231590196,0.9901675973770523,0.007589098799788679,0.7575347241211968,0.12282086149076162,0.8803555856119585,0.1395127872169807,0.06306313450990797,0.01024987304469266,0.07331300755460063,0.13980974709104602,0.13980974709104602
80.16666666666666,0.9975713458972241,0.0020733741854312075,3.5527991734460676e-4,0.0022302060674693923,0.990136417303752,0.007633376628778542,0.7559805041165946,0.12317609158186224,0.8791565956984568,0.14010711195768652,0.06293332088112753,0.010279360669172115,0.07321268155029964,0.14040410010265555,0.14040410010265555
80.25,0.9975580094394181,0.002083719954456406,3.5827060612549295e-4,0.0022171843261621993,0.9901049041696169,0.007677911504220816,0.7544191970304662,0.12352856447826854,0.8779477615087348,0.14070149716651398,0.06280291646250236,0.010308616679504681,0.07311153314200704,0.14099850237693554,0.14099850237693554
80.33333333333333,0.9975445965826701,0.0020941169126626686,3.612865046671728e-4,0.0022042381590695347,0.9900730569343016,0.007722704906628898,0.7528507980695905,0.1238782358298438,0.8767290338994344,0.1412959204497536,0.06267192086880649,0.010337637377269778,0.07300955824607627,0.1415929314683307,0.1415929314683307
80.41666666666666,0.9975311068647091,0.00210456530950115,3.6432782578953686e-4,0.0021913671285608114,0.9900408745465332,0.0077677583249059975,0.7512753027817652,0.1242250612246309,0.8755003640063961,0.14189035930968882,0.06254033374339542,0.01036641905917419,0.07290675280256961,0.14218736482814281,0.14218736482814281
80.5,0.9975175398202927,0.0021150653955956623,3.673947841116054e-4,0.0021785707995282833,0.9900083559440805,0.007813073256391035,0.7496927070597249,0.12456899619554969,0.8742617032552746,0.1424847911463153,0.06240815475853313,0.01039495801761428,0.07280311277614741,0.1427817798062612,0.1427817798062612
80.58333333333333,0.9975038949811856,0.0021256174227477008,3.704875960667491e-4,0.0021658487393726314,0.9899755000537227,0.007858651206904758,0.7481030071450703,0.12490999622719304,0.8730130033722633,0.14307919325908358,0.06227538361571997,0.01042325054124644,0.07269863415696641,0.14337615365291734,0.14337615365291734
80.66666666666666,0.9974901718761404,0.0021362216439415,3.736064799180433e-4,0.002153200517988622,0.9899423057912152,0.007904493690796188,0.746506199632209,0.12524801676272154,0.8717542163949306,0.14367354284866513,0.0621420200460215,0.010451292915565739,0.07259331296158723,0.14397046352046286,0.14397046352046286
80.75,0.9974763700308772,0.0021468783133490933,3.7675165577374736e-4,0.0021406257077508676,0.9899087720612599,0.007950602230989217,0.7449022814723071,0.1255830132108562,0.8704852946831633,0.14426781701874186,0.06200806381039828,0.010479081423492707,0.07248714523389099,0.1445646864651702,0.1445646864651702
80.83333333333333,0.9974624889680618,0.0021575876863353855,3.79923345602914e-4,0.002128123883499658,0.9898748977574708,0.00799697835902944,0.7432912499772516,0.1259149409529688,0.8692061909302204,0.14486199277781858,0.06187351470003642,0.01050661234596827,0.07238012704600469,0.14515879944905713,0.14515879944905713
80.91666666666666,0.9974485282072855,0.0021683500194632594,3.8312177325113776e-4,0.002115694622526856,0.989840681762342,0.008043623615131282,0.7416731028236226,0.12624375535026972,0.8679168581738923,0.14545604704105888,0.061738372536679076,0.010533881962556748,0.07227225449923583,0.1457527793417338,0.1457527793417338
81,0.9974344872650449,0.0021791655704986816,3.863471644564289e-4,0.0021033375045618925,0.9898061229472126,0.008090539548225322,0.7400478380566753,0.12656941175109226,0.8666172498077676,0.1460499566321439,0.06160263717295861,0.010560886552056888,0.0721635237250155,0.14634660292227325,0.14634660292227325
81.08333333333333,0.9974203656547188,0.0021900345984158256,3.8959974686522306e-4,0.002091052111757839,0.9897712201722363,0.008137727716005828,0.7384154540943313,0.12689186549827308,0.8653073195926044,0.14664369828515386,0.06146630849272956,0.010587622393120902,0.07205393088585046,0.1469402468811044,0.1469402468811044
81.16666666666666,0.9974061628865493,0.002200957363402225,3.928797500485314e-4,0.0020788380286775447,0.9897359722863439,0.008185189684978599,0.7367759497311782,0.12721107193662856,0.8639870216678067,0.14723724864647306,0.061329386411402356,0.010614085764881424,0.07194347217628377,0.14753368782192816,0.14753368782192816
81.25,0.9973918784676178,0.002211934126863924,3.9618740551822137e-4,0.002066694842279854,0.989700378127211,0.008232927030508992,0.7351293241424783,0.12752698642052562,0.862656310563004,0.14783058427671666,0.061191870876277574,0.010640272947586363,0.07183214382386394,0.14812690226365585,0.14812690226365585
81.33333333333333,0.9973775119018259,0.0022229651514306496,3.9952294674343633e-4,0.002054622141905923,0.9896644365212238,0.008280941336870193,0.7334755768881835,0.12783956432154708,0.8613151412097306,0.14842368165268105,0.061053761866880954,0.010666180223241568,0.07171994209012253,0.14871986664237066,0.14871986664237066
81.41666666666666,0.997363062689872,0.0022340507009610136,4.028866091671571e-4,0.00204261951926558,0.9896281462834425,0.008329234197291783,0.7318147079169596,0.12814876103625056,0.8599634689532101,0.149016517169316,0.060915059395298954,0.010691803876261272,0.07160686327156023,0.14931255731331117,0.14931255731331117
81.5,0.9973485303292293,0.00224519104054771,4.0627863022290006e-4,0.0020306865684237875,0.9895915062175679,0.008377807214008472,0.7301467175702153,0.12845453199401996,0.8586012495642352,0.14960906714171954,0.060775763506514736,0.010717140194126203,0.07149290370064094,0.14990495055287736,0.14990495055287736
81.58333333333333,0.9973339143141258,0.0022563864365227346,4.0969924935155646e-4,0.002018822885787171,0.9895545151159036,0.008426661998309102,0.7284716065861385,0.12875683266500892,0.8572284392511474,0.1502013078071553,0.060635874278744895,0.010742185468049345,0.07137805974679425,0.1504970225606588,0.1504970225606588
81.66666666666666,0.997319214135519,0.002267637156462632,4.131487080183779e-4,0.002007028070090621,0.9895171717593233,0.008475800170585952,0.726789376103739,0.12905561856817535,0.8558449946719143,0.1507932153270914,0.06049539182377639,0.010766935993649224,0.07126232781742561,0.1510887494614849,0.1510887494614849
81.75,0.9973044292810762,0.002278943469193741,4.16627249730101e-4,0.001995301722383973,0.9894794749172319,0.008525223360384212,0.7251000276668944,0.12935084527940602,0.8544508729463004,0.15138476578926185,0.06035431628730403,0.010791388071630686,0.07114570435893472,0.15168010730749715,0.15168010730749715
81.83333333333333,0.9972895592351504,0.0022903056447974644,4.201351200522164e-4,0.001983643446018774,0.9894414233475296,0.008574933206451689,0.7234035632284025,0.12964246843973043,0.853046031668133,0.1519759352097499,0.06021264784926831,0.010815538008473045,0.07102818585774136,0.1522710720802432,0.1522710720802432
81.91666666666666,0.9972746034787582,0.002301723954615556,4.2367256662639033e-4,0.0019720528466350964,0.989403015796576,0.008624931356788882,0.721699985154037,0.12993044376362267,0.8516304289176597,0.15256669953509266,0.06007038672419347,0.010839382117125543,0.07090976884131901,0.15286161969279263,0.15286161969279263
82,0.9972595614895565,0.002313198671255423,4.272398391880257e-4,0.0019605295321484476,0.9893642509991523,0.008675219468699182,0.7199892962266066,0.13021472704739043,0.850204023273997,0.15315703464440777,0.05992753316152599,0.010862916717710017,0.07079044987923601,0.15345172599187404,0.15345172599187404
82.08333333333333,0.9972444327418206,0.002324730068595429,4.308371895839737e-4,0.0019490731127367606,0.9893251276784237,0.00872579920883933,0.7182714996500171,0.13049527417765,0.8487667738276672,0.1537469163515414,0.05978408744597309,0.010886138138230667,0.07067022558420376,0.15404136676003397,0.15404136676003397
82.16666666666666,0.9972292167064193,0.002336318421790238,4.34464871790399e-4,0.0019376832008274245,0.9892856445459022,0.008776672253270232,0.7165465990533371,0.13077204113988602,0.8473186401932231,0.15433632040723744,0.05964004989784166,0.010909042715290869,0.07054909261313252,0.15463051771781655,0.15463051771781655
82.25,0.997213912850793,0.002347964007276162,4.381231419307921e-4,0.001926359411084419,0.9892458003014077,0.008827840287507915,0.7148145984948627,0.13104498402709483,0.8458595825219576,0.15492522250132817,0.05949542087337706,0.010931626794816874,0.07042704766819394,0.15521915452596466,0.15521915452596466
82.33333333333333,0.9971985206389293,0.0023596671027765062,4.418122582941311e-4,0.001915101360395517,0.9892055936330298,0.008879305006574731,0.7130755024661866,0.13131405904851012,0.8443895615146967,0.15551359826494562,0.05935020076510217,0.010953886732788316,0.07030408749789048,0.15580725278764188,0.15580725278764188
82.41666666666666,0.9971830395313398,0.00237142798730696,4.455324813532061e-4,0.0019039086678595389,0.9891650232170897,0.008931068115050931,0.7113293158962654,0.13157922253840948,0.8429085384346748,0.15610142327275384,0.05920439000215637,0.010975818895975426,0.0701802088981318,0.1563947880506751,0.1563947880506751
82.5,0.997167468985036,0.0023832469411809894,4.492840737830893e-4,0.001892780954773701,0.9891240877181,0.008983131327126378,0.7095760441554876,0.13184043096500073,0.8414164751204883,0.15668867304520223,0.05905798905063454,0.010997419662682794,0.07005540871331734,0.15698173580981786,0.15698173580981786
82.58333333333333,0.9971518084535048,0.002395124246015233,4.530673004797644e-4,0.0018817178446210313,0.9890827857887264,0.009035496366652535,0.7078156930597415,0.13209764093938633,0.8399133339991278,0.15727532305079883,0.05891099841392589,0.011018685423499625,0.06992968383742551,0.15756807150903432,0.15756807150903432
82.66666666666666,0.9971360573866863,0.002407060184734937,4.5688242857891534e-4,0.0018707189630578424,0.9890411160697473,0.009088164967194747,0.70604826887448,0.13235080922460463,0.8383990780990846,0.1578613487084047,0.05876341863305277,0.011039612582056272,0.06980303121510904,0.15815377054380297,0.15815377054380297
82.75,0.9971202152309457,0.0024190550415793904,4.607297274748714e-4,0.0018597839379012888,0.9889990771900139,0.00914113887208477,0.7042737783187866,0.13259989274474596,0.8368736710635325,0.1584467253895474,0.05861525028700918,0.01106019755578703,0.06967544784279621,0.15873880826344128,0.15873880826344128
82.83333333333333,0.9971042814290529,0.002431109102107367,4.646094688397112e-4,0.0018489123991169947,0.9889566677664094,0.009194419834473508,0.7024922285694339,0.13284484859414278,0.8353370771635767,0.15903142842075588,0.05846649399309907,0.011080436776698926,0.069546930769798,0.15932315997344926,0.15932315997344926
82.91666666666666,0.9970882554201548,0.002443222653202604,4.685219266425322e-4,0.0018381039788067381,0.9889138864038093,0.009248009617384102,0.700703627264944,0.13308563404663148,0.8337892613115754,0.15961543308591408,0.058317150407274344,0.011100326692146495,0.06941747709942084,0.1599068009378737,0.1599068009378737
83,0.9970721366397519,0.0024553959830792864,4.7246737716887996e-4,0.001827358311196219,0.9888707316950385,0.009301909993765156,0.6989079825096405,0.13332220656488442,0.832230189074525,0.16019871462863458,0.058167220224472474,0.01111986376561229,0.06928708399008476,0.16048970638169133,0.16048970638169133
83.08333333333333,0.9970559245196721,0.0024676293812875335,4.764460990403388e-4,0.001816675032622893,0.9888272022208328,0.009356122746544336,0.697105302877699,0.13355452380981053,0.8306598266875096,0.16078124825465182,0.058016704178953674,0.01113904447749306,0.06915574865644673,0.16107185149321165,0.16107185149321165
83.16666666666666,0.9970396184880468,0.00247992313871892,4.804583732342964e-4,0.001806053781523864,0.9887832965497941,0.009410649668682186,0.6952955974171894,0.1337825436500229,0.8290781410672123,0.16136300913423468,0.05786560304463765,0.0111578653258914,0.06902346837052906,0.161653211426499,0.161653211426499
83.25,0.9970232179692842,0.0024922775476120002,4.845044831038666e-4,0.0017954941984238552,0.98873901323835,0.009465492563226182,0.6934788756541141,0.13400622417137067,0.8274850998254848,0.16194397240461775,0.057713917635439684,0.0111763228274127,0.06889024046285239,0.16223376130381337,0.16223376130381337
83.33333333333333,0.9970067223840443,0.0025046929015578472,4.885847143979829e-4,0.0017849959259232553,0.9886943508307116,0.009520653243365053,0.6916551475964384,0.13422552368653415,0.8258806712829726,0.1625241131724516,0.057561648805606304,0.011194413517967294,0.06875606232357359,0.1628134762180701,0.1628134762180701
83.41666666666666,0.9969901311492126,0.0025171694955056175,4.926993552816656e-4,0.0017745586086862048,0.9886493078588302,0.009576133532483443,0.6898244237381128,0.13444040074468094,0.8242648244827937,0.1631034065162723,0.05740879745005002,0.011212133953577577,0.0686209314036276,0.16339233123531832,0.16339233123531832
83.5,0.9969734436778753,0.002529707625768113,4.968486963564562e-4,0.0017641818934287764,0.9886038828423543,0.00963193526421675,0.6879867150630878,0.13465081414118088,0.8226375292042687,0.16368182748898855,0.05725536450468362,0.011229480711189947,0.06848484521587356,0.1639703013972375,0.1639703013972375
83.58333333333333,0.9969566593792916,0.0025423075900273674,5.010330306810212e-4,0.0017538654289072201,0.9885580742885864,0.009688060282506211,0.6861420330493192,0.13485672292737785,0.820998755976697,0.16425935112038778,0.05710135094675341,0.011246450389491418,0.06834780133624482,0.16454736172365253,0.16454736172365253
83.66666666666666,0.9969397776588678,0.002554969687340249,5.052526537919399e-4,0.0017436088659062525,0.9885118806924392,0.009744510441654392,0.6842903896727628,0.1350580864204162,0.819348476093179,0.16483595241966004,0.056946757795171735,0.011263039609730666,0.0682097974049024,0.1651234872150663,0.1651234872150663
83.75,0.9969227979181313,0.0025676942181440824,5.095078637246576e-4,0.0017334118572274325,0.9884653005363917,0.009801287606380802,0.6824317974113591,0.13525486421311977,0.8176866616244789,0.16541160637793959,0.056791586110848544,0.011279245016543371,0.06807083112739191,0.16569865285521052,0.16569865285521052
83.83333333333333,0.9969057195547032,0.002580481484262253,5.137989610346192e-4,0.0017232740576776063,0.9884183322904445,0.009858393651877809,0.6805662692490061,0.1354470161839211,0.8160132854329272,0.1659862879708645,0.05663583699702192,0.011295063278781655,0.06793090027580358,0.16627283361361345,0.16627283361361345
83.91666666666666,0.9968885419622714,0.002593331788909877,5.181262488185837e-4,0.0017131951240573935,0.9883709744120756,0.009915830463866912,0.67869381867952,0.13563450250683864,0.8143283211863586,0.16655997216115337,0.056479511599587556,0.01131049109034742,0.06779000268993497,0.16684600444818581,0.16684600444818581
84,0.9968712645305644,0.0026062454366994454,5.224900327361161e-4,0.0017031747151497639,0.9883232253461951,0.009973599938655167,0.6768144597105814,0.13581728366149945,0.8126317433720809,0.16713263390119945,0.05632261110742716,0.011325525171029355,0.06764813627845652,0.16741814030782284,0.16741814030782284
84.08333333333333,0.9968538866453223,0.002619222733646482,5.268906210312584e-4,0.0016932124917086661,0.9882750835250993,0.01003170398319194,0.6749282068676706,0.13599532044320511,0.8109235273108757,0.1677042481356814,0.0561651367527356,0.011340162267343471,0.06750529902007907,0.16798921613502377,0.16798921613502377
84.16666666666666,0.9968364076882702,0.0026322639871752566,5.313283245543895e-4,0.001683308116447722,0.9882265473684264,0.01009014451512595,0.6730350751979839,0.13616857397303825,0.8092036491710222,0.16827478980419122,0.0560070898113467,0.011354399153376896,0.0673614889647236,0.16855920686852777,0.16855920686852777
84.25,0.9968188270370912,0.002645369506124463,5.358034567842656e-4,0.0016734612540289817,0.9881776152831085,0.01014892346286255,0.671135080274337,0.13633700570800722,0.8074720859823442,0.16884423384387842,0.05584847160305785,0.011368232631634726,0.06721670423469257,0.1691280874459661,0.1691280874459661
84.33333333333333,0.9968011440653969,0.002658539600752928,5.403163338502424e-4,0.0016636715710517558,0.9881282856633268,0.01020804276562127,0.6692282381990514,0.13650057745122626,0.8057288156502777,0.1694125551921102,0.05568928349195307,0.011381659533889785,0.06707094302584285,0.16969583280653086,0.16969583280653086
84.41666666666666,0.9967833581426999,0.002671774582745355,5.448672745546969e-4,0.001653938736041493,0.988078556890465,0.010267504373493703,0.6673145656078221,0.13665925136212864,0.8039738169699507,0.16997972878914838,0.05552952688672459,0.011394676722034947,0.06692420360875954,0.17026241789365912,0.17026241789365912
84.5,0.9967654686343863,0.0026850747652180504,5.494566003956272e-4,0.001644262419438729,0.9880284273330597,0.010327310247501607,0.6653940796735682,0.13681298996671012,0.8022070696402783,0.1705457295808414,0.055369203240992995,0.011407281088937892,0.06677648432993089,0.17082781765773292,0.17082781765773292
84.58333333333333,0.9967474749016859,0.0026984404627246735,5.540846355894437e-4,0.0016346422935881063,0.9879778953467566,0.010387462359655271,0.6634667981102638,0.1369617561677993,0.800428554278063,0.17111053252133204,0.05520831405362549,0.011419469559298016,0.0666277836129235,0.17139200705879448,0.17139200705879448
84.66666666666666,0.9967293763016442,0.0027118719912620124,5.587517070939623e-4,0.001625078032727435,0.9879269592742603,0.010447962693012226,0.661532739176748,0.1371055132553531,0.7986382524321012,0.17167411257578047,0.05504686086905264,0.011431239090505297,0.06647809995955793,0.17195496106927713,0.17195496106927713
84.75,0.9967111721870926,0.0027253696682757655,5.634581446315809e-4,0.0016155693129768377,0.9878756174452871,0.010508813241736187,0.6595919216805154,0.13724422491677407,0.7968361465972895,0.1722364447231025,0.054884845277583236,0.01144258667350083,0.06632743195108406,0.17251665467675037,0.17251665467675037
84.83333333333333,0.9966928619066211,0.002738933812666312,5.682042807126533e-4,0.0016061158123279451,0.9878238681765159,0.01057001601115626,0.6576443649814824,0.13737785524724583,0.7950222202287283,0.17279750395872226,0.05472226891571728,0.011453509333638787,0.06617577824935607,0.17307706288667996,0.17307706288667996
84.91666666666666,0.9966744448045464,0.0027525647447945493,5.72990450659067e-4,0.0015967172106331495,0.9877717097715403,0.010631573017826482,0.6556900889957324,0.1375063687600851,0.7931964577558175,0.17335726529733939,0.05455913346645702,0.011464004131549629,0.06602313759800665,0.17363616072520227,0.17363616072520227
85,0.9966559202208843,0.002766262786487689,5.778169926280134e-4,0.0015873731895949244,0.9877191405208194,0.010693486289585618,0.6537291141992361,0.13762973039710602,0.7913588445963421,0.17391570377571058,0.05439544065961595,0.011474068164004191,0.06586950882362014,0.1741939232419129,0.1741939232419129
85.08333333333333,0.996637287491319,0.0027800282610450896,5.826842476359572e-4,0.0015780834327552117,0.98766615870162755,0.010755757865617164,0.6517614616315468,0.13774790553899458,0.7895093671705413,0.17447279445544533,0.054231192272125694,0.011483698564778488,0.06571489083690418,0.1747503255126686,0.1747503255126686
85.16666666666666,0.9966185459471731,0.002793861493244115,5.875925595828161e-4,0.0015688476254848505,0.9876127625780053,0.01081838979650982,0.64978715289947,0.13786086001568917,0.7876480129151592,0.17502851242581466,0.05406639012834067,0.011492892505518925,0.0655592826338596,0.1753053426424034,0.1753053426424034
85.25,0.9965996949153777,0.002807762809345977,5.925422752763349e-4,0.0015596654549730779,0.9875589504007087,0.010881384144318055,0.6478062101807062,0.13796856011676503,0.7857747702974712,0.17558283280657408,0.05390103610034047,0.011501647196607638,0.06540268329694811,0.17585894976795763,0.17585894976795763
85.33333333333333,0.9965807337184417,0.0028217325371016084,5.975337444566709e-4,0.0015505366102171003,0.9875047204071599,0.010944742982622999,0.6458186562274653,0.1380709726018183,0.7838896288292836,0.1761357307507988,0.05373513210822992,0.011509959888027742,0.06524509199625766,0.17641112206091963,0.17641112206091963
85.41666666666666,0.9965616616744214,0.0028357710057575485,6.025673198211855e-4,0.0015414607820116945,0.9874500708213945,0.011008468396593763,0.6438245143700528,0.1381680647108475,0.7819925790809004,0.17668718144773268,0.05356868012043659,0.011517827870228143,0.06508650799066473,0.176961834730481,0.176961834730481
85.5,0.9965424780968889,0.002849878546061838,6.076433570494452e-4,0.0015324376629388908,0.9873949998540124,0.011072562483048868,0.6418238085204254,0.1382598041746279,0.7800836126950533,0.17723716012564897,0.053401682154005876,0.011525248474987685,0.06492693062899356,0.1775110630263031,0.1775110630263031
85.58333333333333,0.9965231822949018,0.002864055490269908,6.127622148284274e-4,0.0015234669473577168,0.9873395057021244,0.011137027350517978,0.6398165631757157,0.13834615922507656,0.7781627224007922,0.1777856420547237,0.05323414027489334,0.011532219076278336,0.06476635935117168,0.17805878224139685,0.17805878224139685
85.66666666666666,0.9965037735729715,0.0028783021721505244,6.179242548779509e-4,0.0015145483313939766,0.9872835865493019,0.011201865119304108,0.6378028034217246,0.1384270986056035,0.7762299020273281,0.17833260254992087,0.05306605659825442,0.011538737091127085,0.0646047936893815,0.1786049677150134,0.1786049677150134
85.75,0.9964842512310319,0.002892618926991704,6.231298419763107e-4,0.0015056815129301114,0.987227240565524,0.011267077921545875,0.6357825549363815,0.13850259158144657,0.774285146517828,0.17887801697388953,0.05289743328873129,0.01154479998047633,0.06444223326920762,0.17914959483554665,0.17914959483554665
85.83333333333333,0.9964646145644074,0.0029070060916066443,6.283793439861266e-4,0.001496866191595108,0.9871704659071248,0.011332667901280185,0.6337558439931696,0.13857260794998538,0.772328451943155,0.1794218607398716,0.0527282725607369,0.011550405250042384,0.06427867781077928,0.17969263904344696,0.17969263904344696
85.91666666666666,0.9964448628637799,0.0029214640043397017,6.336731318804234e-4,0.0014881020687544594,0.9871132607167404,0.011398637214505172,0.6317226974645159,0.13863711805103185,0.7703598155155478,0.1799641093146217,0.05255857667873585,0.011555550451171856,0.0641141271299077,0.1802340758341459,0.1802340758341459
86,0.9964249954151588,0.0029359930050723397,6.390115797689183e-4,0.0014793888475001962,0.9870556231232562,0.011464988029243459,0.6296831428251446,0.1386960927770927,0.7683792356022373,0.18050473822133675,0.05238834795752243,0.01156023318169556,0.06394858113921799,0.18077388076099113,0.18077388076099113
86.08333333333333,0.9964050114998465,0.0029505934352291054,6.44395064924529e-4,0.001470726232640959,0.9869975512417533,0.011531722525605633,0.6276372081553938,0.13874950358360078,0.7663867117389946,0.1810437230425965,0.052217588762495284,0.011564451086779684,0.06378203984927497,0.18131202943819208,0.18131202943819208
86.16666666666666,0.9963849103944061,0.0029652656377836227,6.498239678101186e-4,0.0014621139306921383,0.9869390431734537,0.01159884289585412,0.625584922144493,0.13879732249911167,0.7643822446436047,0.18158103942331405,0.05204630150992891,0.011568201859773867,0.06361450336970277,0.1818484975437751,0.1818484975437751
86.25,0.99636469137063,0.0029800099572645936,6.552986721054512e-4,0.0014535516498660652,0.9868800970056666,0.011666351344467262,0.623526314093801,0.13883952213546116,0.7623658362292621,0.18211666307369617,0.05187448866724183,0.011571483243055895,0.06344597191029772,0.18238326082254822,0.18238326082254822
86.33333333333333,0.9963443536955038,0.0029948267397617873,6.608195647343796e-4,0.0014450391000622594,0.9868207108117341,0.011734250088203717,0.6214614139200031,0.13887607569788032,0.7603374896178834,0.18265056977221278,0.05170215275326121,0.01157429302887269,0.0632764457821339,0.18291629508907548,0.18291629508907548
86.41666666666666,0.9963238966311756,0.003009716332932086,6.663870358922674e-4,0.0014365759928577355,0.9867608826509751,0.011802541356167201,0.619390252158266,0.13890695699506425,0.7582972091533303,0.18318273536857602,0.051529296338484,0.011576629060177273,0.06310592539866128,0.18344757623066024,0.18344757623066024
86.5,0.9963033194349209,0.0030246790860055006,6.720014790736336e-4,0.0014281620414973498,0.9867006105686311,0.011871227389871493,0.61731285996535,0.1389321404491903,0.7562450004145403,0.18371313578672757,0.051355922045334415,0.011578489231461358,0.06293441127679578,0.18397708021033643,0.18397708021033643
86.58333333333333,0.9962826213591088,0.0030397153497912104,6.776632911000349e-4,0.001419796960884232,0.9866398925958101,0.011940310443305645,0.6152292691226762,0.1389516011058823,0.7541808702285585,0.18424174702783472,0.051182032548417696,0.011579871489583286,0.06276190403800098,0.18450478306986867,0.18450478306986867
86.66666666666666,0.9962618016511681,0.0030548254766836246,6.833728721481815e-4,0.0014114804675702368,0.9865787267494303,0.012009792782999693,0.6131395120393486,0.1389653146441166,0.7521048266834651,0.1847685451732944,0.05100763057476991,0.011580773834590927,0.06258840440936084,0.18503066093276033,0.18503066093276033
86.75,0.9962408595535532,0.0030700098206684324,6.891306257782913e-4,0.0014032122797464665,0.9865171110321629,0.012079676688090507,0.6110436217551294,0.13897325738606567,0.7500168791411951,0.18529350638774508,0.05083271890410401,0.011581194320539227,0.062413913224643236,0.18555469000726843,0.18555469000726843
86.83333333333333,0.9962197943037088,0.003085268737328681,6.949369589626769e-4,0.0013949921172338598,0.9864550434323783,0.012149964450387928,0.6089416319433669,0.13897540630687577,0.7479170382502427,0.18581660692208554,0.050657300369051673,0.011581131056302086,0.06223843142535376,0.1860768465894264,0.1860768465894264
86.91666666666666,0.9961986051340346,0.0031006025838508505,7.007922821145833e-4,0.0013868197014738051,0.9863925219240848,0.012220658374441348,0.6068335769138732,0.13897173904437435,0.7458053159582475,0.18633782311650138,0.050481377855401056,0.011580582206378216,0.062061960061779275,0.18659710706607366,0.18659710706607366
87,0.9961772912718518,0.003116011719030955,7.066970091172606e-4,0.0013786947555188274,0.9863295444668746,0.012291760777606494,0.6047194916157521,0.13896223390870283,0.743681725524455,0.18685713140349747,0.050304954302330354,0.011579545991690587,0.06188450029402094,0.18711544791789103,0.18711544791789103
87.08333333333333,0.9961558519393661,0.003131496503280627,7.1265155735328e-4,0.0013706170040233318,0.9862661090058643,0.012363273990112444,0.6025994116401764,0.13894686989187124,0.7415462815320476,0.18737450831093722,0.05012803270263694,0.011578020690379224,0.06170605339301616,0.18763184572244276,0.18763184572244276
87.16666666666666,0.9961342863536327,0.003147057298633238,7.186563477341059e-4,0.001362586173234381,0.9862022134716365,0.01243520035512913,0.6004733732231102,0.13892562667723013,0.7393989999003403,0.18788993046508742,0.04995061610296209,0.011576004638586893,0.06152662074154898,0.18814627715722418,0.18814627715722418
87.25,0.9961125937265201,0.003162694468750022,7.247118047299083e-4,0.0013546019909825352,0.9861378557801826,0.012507542228835001,0.5983414132479797,0.1388984846488553,0.7372398978968351,0.18840337459366843,0.04977270760401109,0.011573496231237396,0.06134620383524848,0.1886587190027146,0.1886587190027146
87.33333333333333,0.9960907732646741,0.003178408378926175,7.308183563996252e-4,0.0013466641866727554,0.9860730338328422,0.012580301980484994,0.5962035692482865,0.13886542490084222,0.7350689941491287,0.1889148175289102,0.049594310360768834,0.011570493922806119,0.06116480428357495,0.18916914814543487,0.18916914814543487
87.41666666666666,0.9960688241694816,0.003194199396097029,7.36976434421289e-4,0.0013387724912753373,0.9860077455162456,0.012653481992478902,0.5940598794101656,0.13882642924650462,0.7328863086566701,0.18942423621061205,0.04941542758271043,0.011566996228082441,0.06098242381079287,0.18967754158101002,0.18967754158101002
87.5,0.9960467456370333,0.0032100678888441676,7.43186474122595e-4,0.0013309266373169064,0.9859419887022531,0.012727084660429995,0.5919103825748849,0.13878148022747402,0.730691862802359,0.1899316076892077,0.04923606253400714,0.011563001722923719,0.06079906425693086,0.19018387641723583,0.19018387641723583
87.58333333333333,0.9960245368580868,0.003226014227401581,7.494489145117326e-4,0.001323126358871476,0.9858757612478947,0.012801112393233864,0.5897551182412865,0.13873056112269527,0.7284856793639818,0.19043690912883368,0.049056218533727186,0.01155850904500039,0.06061472757872757,0.1906881298771487,0.1906881298771487
87.66666666666666,0.9960021970180296,0.003242038783661846,7.557641983084789e-4,0.001315371391551529,0.9858090609953106,0.012875567613137767,0.587594126568166,0.1386736559573141,0.7262677825254801,0.19094011781040132,0.04887589895603157,0.011553516894531938,0.06042941585056351,0.1911902793020992,0.1911902793020992
87.75,0.9959797252968423,0.0032581419311822728,7.621327719755496e-4,0.0013076614724991794,0.9857418857716908,0.012950452755810091,0.5854274483765917,0.13861074951145247,0.7240381978880441,0.19144121113467197,0.04869510723036463,0.01154802403501333,0.06024313126537796,0.19169030215482905,0.19169030215482905
87.83333333333333,0.9959571208690589,0.003274324045191088,7.685550857502118e-4,0.0012999963403773674,0.9856742333892126,0.013025770270410202,0.5832551251521595,0.13854182732886744,0.7217969524810269,0.19194016662533517,0.04851384684163932,0.011542029293931506,0.060055876135570826,0.19218817602254934,0.19218817602254934
87.91666666666666,0.9959343829037302,0.0032905855025936203,7.750315936761692e-4,0.001292375735361103,0.9856061016449802,0.01310152261965865,0.5810771990471841,0.13846687572548871,0.7195440747726729,0.19243696193208853,0.04833212133041701,0.011535531563471663,0.05986765289388868,0.19268387862002215,0.19268387862002215
88,0.9959115105643859,0.0033069266819784992,7.815627536357127e-4,0.0012847993991287718,0.9855374883209638,0.013177712279907609,0.5788937128828241,0.13838588179783123,0.7172795946806554,0.19293157483372003,0.04814993429308188,0.011528529801212892,0.05967846409429477,0.19317738779264285,0.19317738779264285
88.08333333333333,0.9958885030089941,0.003323347963623825,7.881490273821318e-4,0.0012772670748534814,0.985468391183935,0.01325434174121162,0.576704710151141,0.1382988334312782,0.7150035435824191,0.19342398324119126,0.04796728938200954,0.011521023030812831,0.05948831241282237,0.19366868151952382,0.19366868151952382
88.16666666666666,0.9958653593899243,0.0033398497295034028,7.947908805724182e-4,0.0012697785071944558,0.9853988079854069,0.013331413507398743,0.5745102350170881,0.13820571930822978,0.7127159543253179,0.1939141652007218,0.04778419030572997,0.011513010342680994,0.059297200648410965,0.1941577379165793,0.1941577379165793
88.25,0.995842078853907,0.003356432363292945,8.014887828002278e-4,0.0012623334422884787,0.9853287364615695,0.013408930096141946,0.5723103323204313,0.1381065289161141,0.7104168612365453,0.19440209889687457,0.04760064082908455,0.011504490894640385,0.05910513172372493,0.19464453523961028,0.19464453523961028
88.33333333333333,0.9958186605419945,0.0033730962503762743,8.082432076291204e-4,0.0012549316277414072,0.9852581743332278,0.013486894039030745,0.5701050475775978,0.13800125255525517,0.708106300132853,0.19488776265564045,0.04741664477337712,0.011495463912577048,0.058912108685954166,0.19512905188738894,0.19512905188738894
88.41666666666666,0.9957951035895224,0.0033898417778515677,8.150546326260923e-4,0.0012475728126196911,0.985187119305737,0.013565307881643325,0.567894426983453,0.137889881346594,0.705784308330047,0.19537113494752328,0.04723220601651902,0.011485928691077183,0.0587181347075962,0.19561126640474294,0.19561126640474294
88.5,0.9957714071260672,0.0034066693345375727,8.219235393953773e-4,0.0012402567474419758,0.9851155690689392,0.013644174183618856,0.5656785174130035,0.13777240723925838,0.7034509246522618,0.19585219439062315,0.0470473284931678,0.011475884594051482,0.05852321308721928,0.19609115748563827,0.19609115748563827
88.58333333333333,0.9957475702754075,0.003423579310979844,8.288504136125311e-4,0.0012329831841707516,0.985043521297099,0.013723495518730068,0.5634573664230238,0.1376488230179772,0.701106189441001,0.19633091975371947,0.04686201619485965,0.01146533105534632,0.05832734725020597,0.19656870397626103,0.19656870397626103
88.66666666666666,0.9957235921554841,0.003440572099456987,8.358357450588169e-4,0.0012257518762040231,0.9849709736488398,0.013803274474956361,0.561231022253608,0.1375191223103345,0.6987501445639425,0.19680728995935134,0.04667627317013545,0.011454267579341416,0.058130540749476864,0.1970438848780965,0.1970438848780965
88.75,0.9956994718783574,0.003457648093986903,8.428800276558632e-4,0.0012185625783670496,0.984897923767076,0.013883513654556978,0.5589995338296428,0.13738329959385953,0.6963828334235024,0.19728128408689596,0.04649010352466016,0.011442693741533647,0.05793279726619381,0.1975166793510061,0.1975166793510061
88.83333333333333,0.9956752085501664,0.0034748076903330324,8.499837595006192e-4,0.0012114150469041424,0.9848243692789511,0.013964215674144617,0.5567629507622011,0.13724135020294806,0.6940043009651491,0.19775288137564428,0.046303511421335625,0.011430609189106627,0.05773412061044225,0.1979870667163015,0.1979870667163015
88.91666666666666,0.9956508012710887,0.003492051286010618,8.571474429006074e-4,0.0012043090394704694,0.9847503077957701,0.014045383164759413,0.5545213233498539,0.137093270335611,0.691614593685465,0.19822206122787336,0.046116501080406505,0.011418013641485703,0.05753451472189221,0.19845502645981447,0.19845502645981447
89,0.9956262491352976,0.003509379280292966,8.643715844094678e-4,0.0011972443151239435,0.9846757369129331,0.014127018771943134,0.5522747025799023,0.13693905706004583,0.6892137596399481,0.19868880321191512,0.045929076779559416,0.01140490689087802,0.05733398367043743,0.19892053823496347,0.19892053823496347
89.08333333333333,0.9956015512309195,0.0035267920742176892,8.716566948627977e-4,0.0011902206343171468,0.9846006542098691,0.014209125155813703,0.5500231401295238,0.1367787083210267,0.6868018484505505,0.19915308706522028,0.045741242854014916,0.011391288802797314,0.05713253165681223,0.19938358186581545,0.19938358186581545
89.16666666666666,0.9955767066399929,0.0035442900705930035,8.790032894143015e-4,0.001183237758889292,0.9845250572499705,0.014291704991140117,0.5477666883668343,0.13661222294610886,0.68437891131294315,0.19961489269741794,0.045553003696612415,0.011377159316573024,0.05693016301318544,0.19984413735014234,0.19984413735014234
89.25,0.9955517144384238,0.0035618736740039778,8.864118875722372e-4,0.0011762954520582352,0.9844489435805241,0.01437476096741764,0.5455054003518638,0.13643960065164376,0.6819450010035075,0.20007420019337013,0.04536436375788783,0.011362518445843472,0.0567268822037313,0.2003021848624722,0.2003021848624722
89.33333333333333,0.995526573695945,0.0035795432908188062,8.938830132361644e-4,0.001169393478412543,0.9843723107326443,0.014458295788943238,0.5432393298374439,0.1362608420485996,0.6795001718860435,0.2005309898162195,0.04517532754614376,0.011347366279032664,0.056522693825176426,0.20075770475713425,0.20075770475713425
89.41666666666666,0.9955012834760708,0.003597299329195102,9.01417194734016e-4,0.0011625316039035863,0.984295156221205,0.014542312174891527,0.5409685312700065,0.13607594864818437,0.67704447991819094,0.20098524201043155,0.044985899627512406,0.011331702979810454,0.05631760260732286,0.20121067757129663,0.20121067757129663
89.5,0.9954758428360543,0.003615142199086163,9.090149648594664e-4,0.0011557095958376967,0.9842174775447715,0.01462681285939083,0.5386930597902911,0.13588492286726656,0.6745779826575578,0.2014369374048294,0.04479608462601048,0.011315528787535676,0.05611161341354615,0.2016610840279981,0.2016610840279981
89.58333333333333,0.9954502508268432,0.00363307231224725,9.166768609096137e-4,0.0011489272228683617,0.984139272185532,0.014711800591599657,0.5364129712339604,0.13568776803358965,0.67210073926755,0.20188605681562125,0.04460588722358677,0.011298844017681928,0.0559047312412687,0.20210890503917056,0.20210890503917056
89.66666666666666,0.995424506493035,0.0036510900822418852,9.244034247229925e-4,0.0011421842549884556,0.984060537609228,0.01479727813578355,0.5341283221321221,0.1354844883907766,0.6696128105228987,0.20233258124941958,0.04441531216016157,0.011281649062245687,0.055696961222407255,0.20255412170865447,0.20255412170865447
89.75,0.9953986088728339,0.003669195924448129,9.321952027178907e-4,0.0011354804635225297,0.9839812712650854,0.014883248271392183,0.5318391697117556,0.13527508910311992,0.6671142588148755,0.20277649190625202,0.044224364233658255,0.011263944390136407,0.05548830862379466,0.2029967153352043,0.2029967153352043
89.83333333333333,0.995372556998004,0.0036873902560648586,9.400527459309865e-4,0.0011288156211191399,0.9839014705857443,0.014969713793136703,0.5295455718960425,0.13505957626015389,0.6646051481561963,0.20321777018256262,0.044033048300026696,0.01124573054754827,0.05527877884757497,0.20343666741548525,0.20343666741548525
89.91666666666666,0.9953463498938256,0.003705673496118069,9.479766100563269e-4,0.0011221895017432106,0.983821132987189,0.01505667751106764,0.5272475873045983,0.13483795688100464,0.662085544185603,0.20365639767420357,0.043841369273258525,0.011227008158313298,0.05506837743157182,0.20387395964705918,0.20387395964705918
90,0.9953199865790483,0.003724046065467168,9.559673554846147e-4,0.0011156018806684545,0.9837402558686786,0.015144142250652918,0.5249452752536065,0.13461023891851456,0.659555514172121,0.2040923561794163,0.04364933212539397,0.01120777792423549,0.05485711004962946,0.20430857393136034,0.20430857393136034
90.08333333333333,0.9952934660658459,0.003742508386811232,9.6402554734283e-4,0.0011090525344698327,0.9836588366126741,0.015232110852856192,0.5226386957558491,0.13437643126313725,0.6570151270189863,0.20452562770180185,0.04345694188652027,0.011188040625405671,0.05464498251192594,0.20474049237665962,0.20474049237665962
90.16666666666666,0.9952667873597705,0.003761060884695338,9.721517555341916e-4,0.0011025412410160468,0.9835768725847681,0.015320586174215707,0.5203279095206376,0.1341365437465989,0.6544644532672365,0.20495619445327937,0.043264203644761495,0.011167797120496746,0.05443200076525824,0.20516969730101678,0.20516969730101678
90.25,0.9952399494597047,0.003779703985516825,9.80346554778445e-4,0.00109606777946209,0.9834943611336147,0.015409571086923297,0.5180129779536383,0.13389058714532304,0.6519035650989613,0.20538403885703244,0.04307112254625965,0.01114704834703908,0.05421817089329873,0.20559617123522023,0.20559617123522023
90.33333333333333,0.995212951357816,0.003798438117531586,9.88610524652483e-4,0.0010896319302418343,0.9834112995908544,0.015499068478903692,0.5156939631565934,0.13363857318361486,0.6493325363402083,0.20580914355044252,0.04287770379514702,0.011125795321675666,0.05400349911682269,0.20601989692571343,0.20601989692571343
90.41666666666666,0.9951857920395084,0.0038172637108603697,9.969442496313265e-4,0.0010832334750606495,0.983327685271045,0.015589081253894351,0.5133709279269351,0.13338051453660113,0.6467514424635362,0.20623149138800895,0.04268395265350942,0.011104039140396845,0.05378799179390626,0.20644085733750783,0.20644085733750783
90.5,0.9951584704833755,0.003836181197495053,0.001005348319129428,0.0010768721968880848,0.9832435154715864,0.015679612331525414,0.5110439357572911,0.13311642483292316,0.6441603605902143,0.20665106544425482,0.04248987444134054,0.011081780978754239,0.053571655420094774,0.20685903565708094,0.20685903565708094
90.58333333333333,0.9951309856611528,0.0038551910113049253,0.001013823327542329,0.0010705478799505768,0.9831587874726495,0.015770664647400057,0.5087130508348819,0.13284631865717855,0.6415593694920605,0.2070678490166179,0.04229547453648698,0.011059022092053648,0.053354496628540624,0.20727441529525942,0.20727441529525942
90.66666666666666,0.9951033365376684,0.0038742935880429824,0.00102236987428867,0.001064260309724201,0.9830734985371006,0.01586224115317518,0.5063783380408058,0.13257021155210902,0.6389485495929148,0.2074818256283261,0.04210075837458406,0.011035763815526654,0.05313652219011071,0.20768697989008642,0.20768697989008642
90.75,0.9950755220707952,0.0038934893653522103,0.0010309885638525482,0.001058009272927473,0.9829876459104302,0.015954344816642468,0.5040398629492119,0.1322881200205307,0.6363279829697426,0.20789297903125692,0.04190573144898211,0.011012007564480623,0.052917739013462736,0.20809671330967242,0.20809671330967242
90.83333333333333,0.995047541211402,0.003912778782771836,0.0010396800058262235,0.0010517945575141809,0.9829012268206762,0.016046978621809625,0.5016976918263589,0.13200006152700428,0.6336977533533632,0.20830129320878035,0.04171039931066328,0.010987754834426886,0.052698154145090166,0.208503599655029,0.208503599655029
90.91666666666666,0.9950193929033032,0.003932162281743629,0.0010484448149531995,0.0010456159526662644,0.9828142384783517,0.01614014556898212,0.4993518916295598,0.131706054499241,0.6310579461288008,0.2087067523785833,0.04151476756814865,0.01096300720118683,0.052477774769335475,0.20890762326288428,0.20890762326288428
91,0.9949910760832102,0.003951640305618178,0.0010572836111716493,0.001039473248786735,0.982726678076368,0.016233848674845144,0.49700253000600775,0.13140611832924293,0.6284086483352507,0.20910934099547732,0.04131884188739556,0.010937766320975664,0.052256608208371226,0.20930876870848064,0.20930876870848064
91.08333333333333,0.9949625896806806,0.003971213299661121,0.0010661970196582053,0.0010333662374926317,0.9826385427899615,0.01632809097254589,0.4946496752914858,0.131100273374173,0.6257499486656588,0.20950904375418572,0.04112262799168505,0.010912033930463605,0.05203466192214865,0.20970702080835232,0.20970702080835232
91.16666666666666,0.9949339326180684,0.003990881711059454,0.001075185670872129,0.001027294711608023,0.9825498297766156,0.016422875511776278,0.4922933965089554,0.13078854095695353,0.6230819374659089,0.20990584559211276,0.040926131661499186,0.010885811846814294,0.05181194350831348,0.2101023646230837,0.2101023646230837
91.25,0.9949051038104724,0.004010645988927762,0.0010842502005998377,0.001021258465157044,0.982460536175987,0.016518205358855863,0.4899337633670251,0.13047094336658954,0.6204047067336147,0.21029973169209096,0.04072935873438836,0.010859101967700175,0.051588460702088536,0.21049478546004666,0.21049478546004666
91.33333333333333,0.9948761021656859,0.004030506584314478,0.0010933912499998004,0.001015257293356978,0.9823706591098279,0.016614083596815113,0.48757084625829566,0.13014750385821466,0.6177183501165103,0.21069068748510875,0.04053231510482825,0.010831906271294656,0.051364221376122905,0.21088426887611617,0.21088426887611617
91.41666666666666,0.9948469265841442,0.004050463950208136,0.0011026094656478276,0.0010092909926113713,0.9822801956819095,0.016710513325479105,0.4852047162575824,0.12981824665285707,0.6150229629104395,0.211078698653015,0.04033500672406638,0.01080422681624084,0.05113923354030722,0.21127080068036416,0.21127080068036416
91.5,0.9948175759588737,0.004070518541543611,0.0011119054995827244,0.0010033593605031958,0.9821891429779452,0.016807497661551457,0.4828354451200109,0.12948319693692312,0.612318642056934,0.2114637511312021,0.040137439599958274,0.01077606574159665,0.05091350534155492,0.21165436693673043,0.21165436693673043
91.58333333333333,0.9947880491754393,0.004090670815208354,0.0011212800093523207,9.974621957880424e-4,0.9820974980655135,0.01690503973869853,0.4804631052789876,0.1291423808613965,0.6096054861403841,0.21184583111126518,0.03993961979679286,0.010747425266756117,0.05068704506354898,0.21203495396666963,0.21203495396666963
91.66666666666666,0.9947583451118914,0.004110921230048621,0.0011307336580599094,9.915992983873588e-4,0.9820052579939786,0.01700314270763417,0.4780877698440411,0.1287958255407503,0.6068835953847914,0.21222492504363705,0.03974155343510732,0.010718307691346698,0.050459861126454016,0.21241254835177367,0.21241254835177367
91.75,0.9947284626387132,0.004131270246875704,0.0011402671144110491,9.85770469381724e-4,0.9819124197944137,0.01710180973620457,0.47570951259853456,0.12844355905157046,0.604153071650105,0.21260101964019887,0.0395432466914909,0.010688715395102447,0.05023196208659335,0.21278713693636925,0.21278713693636925
91.83333333333333,0.9946984006187672,0.0041517183284721275,0.0011498810527607658,9.799755110041616e-4,0.9818189804795224,0.017201044009473504,0.4733284079972472,0.12808561043088826,0.6014140184281355,0.2129741018768646,0.039344705798377934,0.010658650837712872,0.050003356636090804,0.21315870683008914,0.21315870683008914
91.91666666666666,0.9946681579072411,0.004172265939597875,0.001159576153161156,9.742142266334908e-4,0.9817249370435585,0.017300848729808017,0.47094453116382334,0.1277220096742207,0.598666540838044,0.21334415899613982,0.039145937043829654,0.010628116558647352,0.049774053602477004,0.2135272454104169,0.2135272454104169
92,0.994637733351594,0.0041929135469965795,0.0011693531014093802,9.684864207877162e-4,0.981630286462248,0.0174012271169643,0.4685579578880883,0.1273527877333158,0.5959107456214041,0.21371117850965213,0.038946946771304884,0.010597115176954936,0.04954406194825982,0.21389274032520356,0.21389274032520356
92.08333333333333,0.9946071257915023,0.004213661619401697,0.0011792125890960515,9.627918991174557e-4,0.9815350256927085,0.017502182408173902,0.466168764623229,0.12697797651360265,0.5931467411368316,0.2140751482006548,0.038747741379419484,0.01056564939103944,0.049313390770458924,0.21425517949515588,0.21425517949515588
92.16666666666666,0.9945763340588033,0.0042345106275427195,0.001189155313654048,9.571304683994057e-4,0.9814391516733704,0.017603717858230384,0.46377702848283875,0.12659760887134391,0.5903746373541827,0.21443605612650052,0.03854832732169429,0.010533721978409733,0.04908204930010402,0.21461455111629596,0.21461455111629596
92.25,0.9945453569774408,0.004255461044151312,0.001199181978407712,9.515019365298405e-4,0.981342661323894,0.017705836739576198,0.46138282723782426,0.1262117186104897,0.5875945458483139,0.21479389062108642,0.038348711106291566,0.010501335795405043,0.04885004690169661,0.21497084366239005,0.21497084366239005
92.33333333333333,0.99451419336341,0.004276513343967491,0.0012092932926224677,9.459061125181581e-4,0.9812455515450921,0.017808542342389894,0.45898623931317345,0.12582034047923135,0.5848065797924048,0.2151486402972675,0.0381488992957399,0.01046849377689526,0.04861739307263516,0.21532404588734663,0.21532404588734663
92.41666666666666,0.9944828420246994,0.004297668003745761,0.00121948997155486,9.403428064804501e-4,0.9811478192188459,0.01791183797467372,0.45658734378458415,0.1254235101662549,0.5820108539508391,0.21550029404923965,0.03794889850664726,0.01043519893595612,0.04838409744260338,0.2156741468275829,0.2156741468275829
92.5,0.9944513017612358,0.004318925502261273,0.0012297727365030023,9.348118296331197e-4,0.9810494612080253,0.018015726962341577,0.45418622037495004,0.125021264296692,0.5792074846716421,0.21584884105489016,0.037748715409402285,0.010401454363519202,0.04815016977292148,0.21602113580435875,0.21602113580435875
92.58333333333333,0.9944195713648266,0.004340286320315912,0.0012401423148574384,9.293129942865298e-4,0.9809504743564065,0.018120212649307056,0.45178294945070485,0.12461364042776885,0.5763965898784738,0.21619427077811498,0.037548356727863615,0.010367263227996675,0.047915619955860286,0.2163650024260766,0.2163650024260766
92.66666666666666,0.9943876496191032,0.004361750940744444,0.0012505994401524538,9.238461138386898e-4,0.9808508554885892,0.01822529839757222,0.44937761201802195,0.1242006770441514,0.5735782890621733,0.21653657297110246,0.037347829239037136,0.010332628774880765,0.047680458013917904,0.21670573659054776,0.21670573659054776
92.75,0.9943555352994615,0.004383319848420608,0.00126114485211779,9.184110027689777e-4,0.9807506014099147,0.018330987587316303,0.4469702897188695,0.12378241355298698,0.5707527032718565,0.21687573767658164,0.03714713977274115,0.010297554326317866,0.04744469409905902,0.21704332848722274,0.21704332848722274
92.83333333333333,0.9943232271730059,0.00440499353026318,0.0012717792967307953,9.130074766319001e-4,0.9806497089063831,0.01843728361698499,0.44456106482691826,0.12335889027864179,0.56791995510556,0.21721175523003575,0.0369462952112592,0.010262043280657324,0.047208338491916524,0.21737776859938615,0.21737776859938615
92.91666666666666,0.9942907239984888,0.004426772475242078,0.0012825035262690229,9.076353520508854e-4,0.9805481747445692,0.018544189903379953,0.4421500202433027,0.12293014845713401,0.5650801687004368,0.21754461626187838,0.03674530248898063,0.010226099111974852,0.046971401600955476,0.21770904770631405,0.21770904770631405
93,0.9942580245262523,0.0044486571743844,0.001293318299363258,9.022944467121099e-4,0.9804459956715392,0.01865170988174871,0.4397372394922325,0.12249623023026246,0.5622334697224949,0.21787431169959287,0.03654416859202862,0.010189725369570555,0.046733893961599174,0.21803715688539374,0.21803715688539374
93.08333333333333,0.9942251274981687,0.004470648120780461,0.0013042243810509793,8.969845793583728e-4,0.9803431684147668,0.018759847005874734,0.4373228067164545,0.1220571786394309,0.5593799853558854,0.2182008327698325,0.03634290055787575,0.01015292567744163,0.04649582623531738,0.21836208751420474,0.21836208751420474
93.16666666666666,0.9941920316475799,0.004492745809589838,0.0013152225428302833,8.917055697829869e-4,0.980239689682049,0.0188686047481681,0.43490680667256354,0.12161303761916822,0.5565198442917317,0.2185241710004824,0.03614150547494683,0.01011570373372972,0.04625720920867655,0.21868383127255975,0.21868383127255975
93.25,0.9941587356992385,0.00451495073804737,0.0013263135627142486,8.864572388237158e-4,0.9801355561614199,0.018977986599756223,0.4324893247261604,0.12116385199034507,0.5536531767165055,0.21884431822268083,0.03593999048220908,0.010078063310142995,0.046018053792352076,0.21900238014450554,0.21900238014450554
93.33333333333333,0.9941252383692452,0.0045372634054691415,0.0013374982252857435,8.812394083567499e-4,0.9800307645210683,0.019087996070575014,0.43007044684685763,0.12070966745308682,0.5507801142999444,0.219161266572799,0.035738362768749456,0.010040008251352976,0.04577837102010243,0.2193177264202817,0.2193177264202817
93.41666666666666,0.9940915383649886,0.004559684313258482,0.0013487773217527132,8.760519012907046e-4,0.9799253114092489,0.01919863668946045,0.4276502596031294,0.1202505305793846,0.547900790182514,0.21947500849437968,0.035536629573339015,0.010001542474366198,0.04553817204770522,0.21962986269823714,0.21962986269823714
93.5,0.994057634385084,0.004582213964911915,0.0013601516500039092,8.708945415606594e-4,0.979819193454199,0.019309912004240346,0.42522885015700695,0.11978648880540417,0.5450153389624112,0.2197855367400323,0.03533479818398433,0.009962669967870773,0.045297468151855105,0.21993878188670385,0.21993878188670385
93.58333333333333,0.9940235251193098,0.004604852866025073,0.001371622014665083,8.657671541222375e-4,0.9797124072640513,0.019421825581826424,0.42280630625861704,0.11931759042349442,0.5421238966821115,0.2200928443732843,0.03513287593746582,0.009923394791557946,0.04505627072902377,0.2202444772058248,0.2202444772058248
93.66666666666666,0.9939892092485456,0.0046276015242986655,0.0013831892271556586,8.606695649457066e-4,0.9796049494267475,0.019534381008306897,0.42038271624056267,0.1188438845738963,0.539226600814459,0.22039692477038791,0.03493087021886283,0.009883721075418742,0.04481459129428157,0.22054694218933832,0.22054694218933832
93.75,0.9939546854447098,0.004650460449544337,0.0013948541057458698,8.556016010101191e-4,0.9794968165099507,0.01964758188903919,0.41795816901214533,0.11836542123615354,0.5363235902482989,0.22069777162208085,0.034728788461065536,0.009843653019015842,0.04457244148008138,0.22084617068631504,0.22084617068631504
93.83333333333333,0.9939199523706951,0.004673430153690561,0.0014066174756143634,8.505630902974943e-4,0.9793880050609595,0.01976143184874303,0.41553275405342766,0.11788225122022666,0.5334150052736544,0.2209953789353007,0.03452663814427347,0.009803194890730779,0.04432983303500425,0.2211421568628482,0.2211421568628482
93.91666666666666,0.9938850086803052,0.004696511150788514,0.001418480168906308,8.4555386178702e-4,0.9792785116066192,0.0198759345315939,0.41310656140913565,0.11739442615731202,0.5305009875664477,0.2212897410348512,0.034324426795480624,0.009762351026986648,0.04408677782246727,0.22143489520369553,0.22143489520369553
94,0.9938498530181901,0.004719703957017895,0.0014304430247919586,8.405737454492917e-4,0.9791683326532339,0.019991093601316814,0.4106796816823994,0.11690199849036757,0.527581680172767,0.2215808525650203,0.034122161987947104,0.009721125831446454,0.04384328781939356,0.2217243805138726,0.2217243805138726
94.08333333333333,0.9938144840197817,0.004743009090692738,0.0014425068895257153,8.356225722405973e-4,0.979057464686479,0.020106912741280326,0.40825220602833123,0.11640502146434735,0.5246572274926786,0.2218687084911486,0.03391985134065719,0.009679523774187258,0.04359937511484445,0.22201060792019547,0.22201060792019547
94.16666666666666,0.993778900311227,0.004766427072267218,0.001454672616505689,8.307001740972107e-4,0.9789459041713118,0.02022339565459102,0.4058242261474414,0.11590354911614684,0.5217277752635883,0.22215330410114706,0.03371750251776373,0.009637549390850346,0.04335505190861408,0.22229357287277268,0.22229357287277268
94.25,0.9937431005093248,0.004789958424341424,0.0014669410663337426,8.25806383929741e-4,0.9788336475518821,0.020340546064188125,0.40339583427888825,0.11539763626426147,0.5187934705431497,0.22243463500696367,0.0335151232280189,0.009595207281767593,0.04311033050978649,0.22257327114644554,0.22257327114644554
94.33333333333333,0.993707083221457,0.0048136036716670706,0.0014793131068760348,8.209410356175044e-4,0.9787206912514439,0.02045836771293858,0.4009671231935656,0.1148873384981608,0.5158544616917264,0.22271269714599704,0.03331272122419117,0.009552502111064235,0.0428652233352554,0.22284969884217493,0.22284969884217493
94.41666666666666,0.9936708470455228,0.004837363341153248,0.0014917896133240778,8.161039640029221e-4,0.9786070316722645,0.020576864363732416,0.39853818618702264,0.11437271216738087,0.5129108983544035,0.22298748678245733,0.033110304302468384,0.009509438605738274,0.04261974290820666,0.2231228523883747,0.2231228523883747
94.5,0.9936343905698715,0.0048612379618721115,0.0015043714682562938,8.112950048859607e-4,0.9784926651955356,0.020696039799578434,0.39610911707221863,0.1138538143703377,0.5099629314425563,0.2232590005086723,0.03290788030184701,0.009466021554716764,0.04237390185656378,0.22339272854219025,0.22339272854219025
94.58333333333333,0.9935977123732354,0.004885228065064528,0.0015170595617000724,8.065139950186078e-4,0.9783775881812814,0.020815897823700066,0.39368001017210974,0.11333070294286463,0.5070107131149744,0.22352723524633833,0.032705457103507446,0.009422255807889227,0.04212771291139667,0.22365932439072084,0.22365932439072084
94.66666666666666,0.9935608110246599,0.004909334184145742,0.0015298547911943698,8.017607720993589e-4,0.9782617969682689,0.020936442259631847,0.39125096031206896,0.11280343644647682,0.5040543967585458,0.22379218824771482,0.03250304263017525,0.00937814627511846,0.04188118890529371,0.22392263735218554,0.22392263735218554
94.75,0.9935236850834362,0.0049335568547109665,0.0015427580618528043,7.970351747677559e-4,0.9781452878739162,0.021057676951315957,0.38882206281213705,0.11227207415636623,0.5010941369685032,0.22405385709676182,0.03230064484546839,0.009333697925229017,0.04163434277069741,0.22418266517703142,0.22418266517703142
94.83333333333333,0.9934863330990317,0.004957896614540978,0.00155577028642728,7.923370425989582e-4,0.978028057194202,0.021179605763199053,0.38639341347910444,0.11173667604913019,0.4981300895282346,0.22431223971021896,0.03209827175323035,0.00928891578497366,0.041387187538204015,0.22443940594898298,0.22443940594898298
94.91666666666666,0.9934487536110203,0.004982354003607662,0.0015688923853721492,7.876662160983223e-4,0.977910101203572,0.02130223258032968,0.38396510859842403,0.1111973027902377,0.49516241138866174,0.22456733433862566,0.03189593139684906,0.009243804937978096,0.04113973633482716,0.22469285808603204,0.22469285808603204
95,0.9934109451490115,0.005006929564079547,0.0015821252869088944,7.83022536696035e-4,0.9777914161548482,0.02142556130845578,0.38153724492595353,0.1106540157212366,0.49219126064719015,0.22481913956728097,0.031693631858561694,0.009198370523664274,0.04089200238222597,0.22494302034136676,0.22494302034136676
95.08333333333333,0.9933729062325815,0.005031623840327283,0.0015954699270913453,7.784058467417752e-4,0.977671998279136,0.02154959587412242,0.37910991967952706,0.11010687684670599,0.48921679652623307,0.22506765431714235,0.031491381258745135,0.009152617736152658,0.04064399899489779,0.22518989180423965,0.22518989180423965
95.16666666666666,0.9933346353711995,0.005056437378929114,0.0016089272498714569,7.7381598949939e-4,0.9775518437857305,0.021674340224770154,0.3766832305303563,0.10955594882095784,0.4862391793513141,0.22531287784566256,0.03128918775519232,0.00910655182314374,0.04039573957833606,0.22543347190077237,0.22543347190077237
95.25,0.9932961310641581,0.00508137072867631,0.0016224982071656093,7.69252809141618e-4,0.9774309488620249,0.02179979832883345,0.3742572755942594,0.10900129493449194,0.4832585705287514,0.22555480974756334,0.03108705954237409,0.009060178084779193,0.04014723762715328,0.22567376039469797,0.22567376039469797
95.33333333333333,0.9932573918005,0.005106424440578535,0.0016361837589214587,7.647161507448394e-4,0.9773093096734158,0.021925974175839393,0.3718321534227187,0.1084429791002087,0.4802751325229274,0.2257934499555457,0.03088500485068685,0.009013501872483043,0.03989850672316989,0.22591075738803815,0.22591075738803815
95.41666666666666,0.9932184160589453,0.005131599067869247,0.0016499848731853655,7.602058602838509e-4,0.9771869223632093,0.022052871776506885,0.36940796299376577,0.10788106583938434,0.4772890288331501,0.22602879874093484,0.030683031945685835,0.008966528587783223,0.03964956053346906,0.22614446332171526,0.22614446332171526
95.5,0.9931792023078186,0.005156895166011007,0.0016639025261703552,7.557217846266711e-4,0.9770637830525273,0.02218049516284606,0.3669848037026943,0.10731562026741302,0.47430042397010735,0.22626085671425958,0.030481149127303937,0.008919263681113915,0.039400412808417856,0.22637487897609856,0.22637487897609856
95.58333333333333,0.9931397490049745,0.005182313292700745,0.0016779377023246479,7.51263771529388e-4,0.9769398878402127,0.022308848388257908,0.3645627753526002,0.10674670807932095,0.47130948343192114,0.22648962482576504,0.030279364729056183,0.008871712650599096,0.03915107737965528,0.2266020054714829,0.2266020054714829
95.66666666666666,0.9931000545977243,0.005207854007875066,0.001692091394400767,7.468316696310147e-4,0.9768152328027345,0.022437935527634355,0.36214197814474824,0.10617439553505738,0.4683163736798056,0.2267151043658582,0.030077687117229794,0.008823881040817709,0.0389015681580475,0.2268258442684997,0.2268258442684997
95.75,0.9930601175227594,0.005233517873715428,0.001706364603525209,7.424253284483939e-4,0.976689813994093,0.022567760677458568,0.35972251266876687,0.10559874944456762,0.46532126211333447,0.22693729696548404,0.02987612469005979,0.008775774441550876,0.03865189913161067,0.2270463971684586,0.2270463971684586
95.83333333333333,0.993019936206078,0.0052593054546533225,0.0017207583392686802,7.380445983711259e-4,0.9765636274457234,0.022698327955905515,0.35730447989266806,0.10501983715265341,0.46232431704532145,0.22715620459643346,0.029674685876890143,0.008727398486511639,0.038402084363401784,0.2272636663136203,0.2272636663136203
95.91666666666666,0.9929795090629076,0.005285217317375432,0.0017352736197169456,7.336893306565157e-4,0.9764366691664005,0.022829641502942987,0.35488798115269543,0.10443772652362594,0.45932570767632136,0.22737182957158006,0.029473379137320573,0.008678758852057638,0.03815213798937821,0.22747765418739727,0.22747765418739727
96,0.9929388344976291,0.005311254030828735,0.0017499114715422324,7.293593774245656e-4,0.9763089351421428,0.022961705480432724,0.3524731181429983,0.10385248592575738,0.45632560406875566,0.22758417454504631,0.02927221296033879,0.008629861255887238,0.03790207421622603,0.22768836361448416,0.22768836361448416
96.08333333333333,0.9928979109036993,0.005337416166225517,0.001764672930075232,7.250545916529875e-4,0.9761804213361152,0.023094524072231906,0.3500599929051327,0.10326418421553633,0.453324177120669,0.22779324251229766,0.029071195863438398,0.00858071145571956,0.03765190731915796,0.2278957977609156,0.2278957977609156
96.16666666666666,0.9928567366635739,0.005363704297048452,0.0017795590393777105,7.207748271722395e-4,0.9760511236885328,0.023228101484295036,0.3476487078173888,0.10267289072173312,0.45032159853912196,0.2279990368101639,0.02887033639172229,0.008531315247958922,0.03740165163968121,0.22809996013405032,0.22809996013405032
96.25,0.9928153101486288,0.005390118999055544,0.0017945708523157047,7.165199386606014e-4,0.9759210381165635,0.023362441944776016,0.3452393655839462,0.102078675229281,0.4473180408132272,0.22820156111678683,0.028669643116991723,0.008481678466344181,0.03715132158333591,0.22830085458248162,0.22830085458248162
96.33333333333333,0.9927736297190816,0.005416660850285035,0.0018097094306333162,7.122897816392747e-4,0.9757901605142304,0.02349754970413042,0.34283206922385523,0.10148160796297936,0.44431367718683457,0.2284008194514935,0.028469124636820907,0.00843180698058351,0.03690093161740442,0.22849848529587333,0.22849848529587333
96.41666666666666,0.9927316937239126,0.005443330431060348,0.0018249758450271446,7.080842124675045e-4,0.9756584867523143,0.023633429035218333,0.3404269220598466,0.10088175957102491,0.4413086816308715,0.22859681617459435,0.02826878957361728,0.008381706694975101,0.03665049626859238,0.22869285680471943,0.22869285680471943
96.5,0.9926895005007838,0.005470128323994883,0.001840371175221307,7.039030883377376e-4,0.9755260126782551,0.023770084233407263,0.3380240277069681,0.10027920110837753,0.4383032288153456,0.22878955598710526,0.028068646573667397,0.008331383547014359,0.036400030120681756,0.228883973980028,0.228883973980028
96.58333333333333,0.9926470483759601,0.005497055113996822,0.0018558965100430743,6.997462672708086e-4,0.9753927341160539,0.023907519616675248,0.33562349006104947,0.09967400401996711,0.4352974940810166,0.22897904393039306,0.02786870430616856,0.008280843505988122,0.03614954781215668,0.22907184203292771,0.22907184203292771
96.66666666666666,0.992604335664227,0.005524111388273893,0.0018715529474991643,6.956136081111427e-4,0.9752586468661743,0.02404573952571463,0.333225413286996,0.09906624012374782,0.4322916534107438,0.22916528538574302,0.02766897146224611,0.00823009257155644,0.03589906403380255,0.2292564665141962,0.2292564665141962
96.75,0.9925613606688093,0.005551297736338042,0.0018873415948526275,6.91504970522001e-4,0.9751237467054423,0.02418474832403572,0.3308299018069107,0.09845598159360677,0.42928588340051743,0.2293482860738488,0.027469456753956505,0.008179136772322512,0.03564859352627901,0.229437853313711,0.229437853313711
96.83333333333333,0.9925181216812894,0.005578614750010106,0.001903263568700383,6.874202149807449e-4,0.9749880293869484,0.024324550398070865,0.3284370602880455,0.09784330094213355,0.42628036123017904,0.22952805205422305,0.027270168913276202,0.008127982164391305,0.03539815107766751,0.2296160086598196,0.2296160086598196
96.91666666666666,0.9924746169815243,0.005606063023424396,0.0019193199950513988,6.833592027741236e-4,0.9748514906399469,0.024465150157278955,0.32604699363058337,0.09722827100325777,0.42327526463384113,0.22970458972452867,0.027071116691076414,0.008076634829917476,0.03514775152099389,0.22979093911863097,0.22979093911863097
97,0.9924308448375614,0.005633643153033261,0.0019355120094055062,6.793217959936013e-4,0.9747141261697563,0.024606552034250006,0.3236598069552506,0.09661096491476166,0.42027077187001227,0.22987790581982934,0.02687230885608377,0.00802510087564317,0.03489740973172694,0.2299626515932258,0.2299626515932258
97.08333333333333,0.9923868035055555,0.005661355737611553,0.0019518407568328584,6.753078575306991e-4,0.9745759316576592,0.024748760484810017,0.32127560559075996,0.0959914561006744,0.41726706169143435,0.23004800741175999,0.026673754193826928,0.007973386431426263,0.03464714062525319,0.23013115332278583,0.23013115332278583
97.16666666666666,0.9923424912296849,0.005689201378261111,0.0019683073920540683,6.713172510723713e-4,0.9744369027608013,0.024891779988126295,0.3188944950610864,0.09536981825355592,0.4142643133146423,0.23021490190761512,0.026475461505569276,0.007921497648759704,0.03439695915432898,0.23029645188164127,0.23029645188164127
97.25,0.9922979062420639,0.005717180678415122,0.0019849130795209814,6.673498410964032e-4,0.9742970351120906,0.02503561504681287,0.3165165810725762,0.09474612531667698,0.41126270638925316,0.23037859704935507,0.026277439607227688,0.007869440699282504,0.03414688030651019,0.23045855517823613,0.23045855517823613
97.33333333333333,0.9922530467626594,0.005745294243842433,0.002001658993498115,6.634054928668397e-4,0.9741563243200969,0.025180270187036193,0.3141419695008884,0.09412045146610312,0.4082624209669915,0.23053910091253016,0.026079697328277546,0.007817221773283041,0.03389691910156059,0.23061747145401015,0.23061747145401015
97.41666666666666,0.9922079109992034,0.0057735426826518825,0.0020185463181447874,6.594840724294378e-4,0.9740147659689494,0.0253257499586212,0.3117707663777727,0.09349287109268987,0.40526363747046257,0.2306964219051211,0.025882243510643936,0.0077648470781952715,0.033647090588839204,0.23077320928219822,0.23077320928219822
97.5,0.9921624971471056,0.005801926605296466,0.002035576247597904,6.555854466071451e-4,0.9738723556182352,0.025472058935157582,0.30940307787768184,0.09286345878399664,0.4022665366616785,0.23085056876629625,0.02568508700757931,0.007712322837088477,0.03339740984466779,0.2309257775665445,0.2309257775665445
97.58333333333333,0.9921168033893669,0.005830446624577515,0.0020527499860554166,6.517094829956058e-4,0.9737290888028982,0.025619201714106227,0.3070390103042216,0.09223228930612684,0.39927129961034846,0.2310015505650843,0.025488236682527504,0.0076596552871512034,0.03314789196967871,0.2310751855399342,0.2310751855399342
97.66666666666666,0.9920708278964908,0.005859103355648788,0.0020700687478605044,6.478560499586915e-4,0.9735849610331352,0.025767182916906103,0.30467867007643845,0.09159943758550204,0.3962781076619405,0.23114937669896285,0.02529170140797438,0.007606850678169984,0.03289855208614437,0.2312214427629386,0.2312214427629386
97.75,0.9920245688263929,0.0058878974160205275,0.0020875337575864132,6.440250166240572e-4,0.9734399677942944,0.025916007189081318,0.3023221637149467,0.09096497869057757,0.39328714240552426,0.2312940568923614,0.025095490064285093,0.007553915271003544,0.032649405335288637,0.23136455912227608,0.23136455912227608
97.83333333333333,0.9919780243243146,0.0059168294255633955,0.0021051462501219887,6.402162528787253e-4,0.973294104546773,0.026065679200348264,0.29996959782789556,0.09032898781350748,0.3902985856414031,0.23143560119507986,0.024899611538528117,0.007500855336053089,0.0324004668745812,0.2315045448291875,0.2315045448291875
97.91666666666666,0.9919311925227297,0.005945900006512421,0.002122907470757949,6.364296293646911e-4,0.973147366725912,0.02621620364472334,0.2976210790967793,0.08969154025176665,0.387312619348546,0.2315740199806205,0.0247040747232862,0.007447677151729345,0.032151751875015545,0.2316414104177253,0.2316414104177253
98,0.9918840715412554,0.0059751097834708404,0.002140818675273829,6.326650174745587e-4,0.9729997497418948,0.02636758524063072,0.29527671426208957,0.08905271138973764,0.3843294256518272,0.2317093239444344,0.024508888515454262,0.007394387002917003,0.031903275518371264,0.23177516674295717,0.23177516674295717
98.08333333333333,0.9918366594865606,0.006004459383413846,0.0021588811300256457,6.289222893471963e-4,0.9728512489796426,0.02651982873101022,0.2929366101088128,0.08841257668027044,0.38134918678908325,0.23184152410208156,0.02431406181502448,0.00734099117943722,0.031655052994461697,0.23190582497908263,0.23190582497908263
98.16666666666666,0.9917889544522733,0.006033949435692346,0.0021770961120343,6.252013178634216e-4,0.9727018597987108,0.026672938883425864,0.2906008734517747,0.08777121162622283,0.3783720850779975,0.23197063178730454,0.02411960352385862,0.0072874959745088345,0.03140709949836745,0.23203339661746353,0.23203339661746353
98.25,0.9917409545188888,0.006063580572036576,0.0021954649090746873,6.215019766417082e-4,0.9725515775331841,0.026826920490174228,0.2882696111208322,0.08712869176198922,0.37539830288282144,0.23209665865001516,0.023925522544447814,0.007233907683208966,0.03115943022765678,0.23215789346456747,0.23215789346456747
98.33333333333333,0.9916926577536748,0.006093353426559679,0.002213988819765528,6.1782414003392e-4,0.9724003974915729,0.02698177836839316,0.2859429299459153,0.08648509263502596,0.37242802258094126,0.23221961665419474,0.02373182777865983,0.007180232600933632,0.030912060379593462,0.23227932763982465,0.23227932763982465
98.41666666666666,0.9916440622105787,0.006123268635761224,0.002232669153659972,6.141676831210675e-4,0.972248314956708,0.027137517360170987,0.2836209367419206,0.08584048978738121,0.3694614265293018,0.232339518075707,0.02353852812647413,0.0071264770218590874,0.030665005148333216,0.23239771157339734,0.23239771157339734
98.5,0.9915951659301324,0.006153326838530627,0.00225150723133691,6.105324817090891e-4,0.9720953251856355,0.027294142332655588,0.28130373829345845,0.08519495873723691,0.3664986970306954,0.23245637550002415,0.023345632484704743,0.007072647237404507,0.03041827972210925,0.23251305800386265,0.23251305800386265
98.58333333333333,0.9915459669393564,0.006183528676150502,0.0022705043844930325,6.069184123246586e-4,0.9719414234095114,0.02745165817816384,0.2789914413394554,0.08454857496047125,0.36354001629992666,0.2325702018198658,0.02315314974571124,0.007018749534696688,0.030171899280407928,0.23262537997580754,0.23262537997580754
98.66666666666666,0.9914964632516644,0.0062138747922999655,0.002289661956035678,6.033253522110148e-4,0.9717866048334977,0.027610069814291417,0.27668415255761436,0.08390141387224928,0.3605855664298636,0.23268101023275065,0.022961088796097852,0.0069647901950374656,0.029925878991135316,0.23273469083733797,0.23273469083733797
98.75,0.9914466528667657,0.006244365833057834,0.0023089813001764,5.997531793238151e-4,0.9716308646366537,0.027769382184022615,0.2743819785487341,0.08325355080864989,0.35763552935738396,0.23278881423846148,0.022769458515401027,0.006910775492374437,0.029680234007775464,0.23284100423749995,0.23284100423749995
98.83333333333333,0.9913965337705689,0.006275002446905738,0.002328463782525318,5.962017723270148e-4,0.9714741979718325,0.02792960025584047,0.2720850258208906,0.0826050610083366,0.3546900868292272,0.23289362763642305,0.02257826777476557,0.006856711691775716,0.029434979466541285,0.2329443341236142,0.2329443341236142
98.91666666666666,0.9913461039350827,0.006305785284731198,0.002348110780186243,5.926710105887677e-4,0.9713165999655741,0.028090729023837156,0.26979340077348307,0.08195601959428059,0.3517494203677637,0.23299546452299286,0.022387525435609526,0.006802605047909341,0.029190130483518865,0.2330446947385241,0.2330446947385241
99,0.991295361318317,0.006336714999830599,0.0023679236818525766,5.891607741773529e-4,0.9711580657179982,0.028252773507824527,0.26750720968114555,0.0813065015555436,0.34881371123668914,0.23309433928866605,0.02219724034827807,0.006748461803528003,0.02894570215180607,0.23314210061775723,0.23314210061775723
99.08333333333333,0.9912443038641839,0.00636779224791204,0.002387903887903974,5.856709438571225e-4,0.9709985903026982,0.02841573875344481,0.2652265586775281,0.08065658172912848,0.3458831404066566,0.23319026661519301,0.02200742135068655,0.006694288187959739,0.028701709538646286,0.23323656658660044,0.23323656658660044
99.16666666666666,0.9911929295023978,0.006399017687098193,0.002408052810503844,5.822014010844757e-4,0.9708381687666339,0.028579629832281645,0.2629515537389491,0.08000633478190528,0.34295788852085435,0.2332832614726117,0.02181807726695295,0.006640090415605247,0.028458167682558197,0.233328107757089,0.233328107757089
99.25,0.9911412361483735,0.006430391977928998,0.0024283718736975986,5.787520280038513e-4,0.9706767961300248,0.02874445184197131,0.2606823006679218,0.07935583519262066,0.34003813586054243,0.2333733391161935,0.021629216906019978,0.0065858746844424595,0.028215091590462437,0.23341673952491038,0.23341673952491038
99.33333333333333,0.9910892217031239,0.006461915783364287,0.002448862513511712,5.753227074437501e-4,0.9705144673862424,0.028910209906313867,0.2584189050765576,0.07870515723399836,0.33712406231055597,0.23346051508330426,0.02144084906026692,0.006531647174539028,0.02797249623480595,0.2335024775662228,0.2335024775662228
99.41666666666666,0.99103688405316,0.006493589768786368,0.0024695261780536214,5.71913322912774e-4,0.9703511775017024,0.02907690917538499,0.2561614723698486,0.0780543749549383,0.33421584732478693,0.23354480519018,0.02125298250411172,0.006477414046573341,0.02773039655068506,0.23358533783438884,0.23358533783438884
99.5,0.9909842210703851,0.006525414602002462,0.002490364327612402,5.68523758595689e-4,0.9701869214157568,0.0292445548256476,0.25391010772883277,0.07740356216282188,0.33131366989165467,0.2336262255286182,0.021065625992603216,0.006423181440364705,0.027488807432967922,0.233665336556625,0.233665336556625
99.58333333333333,0.9909312306119927,0.006557390953247071,0.002511378434760272,5.651538993495178e-4,0.9700216940405867,0.02941315206006369,0.25166491609364444,0.07675279240593105,0.3284177084995755,0.23370479246258505,0.020878788260004062,0.006368955473413329,0.02724774373341739,0.23374249023056778,0.23374249023056778
99.66666666666666,0.9908779105203608,0.006589519495184276,0.002532569984454948,5.618036306996429e-4,0.9698554902610937,0.029582706108206683,0.24942600214645316,0.07610213895598886,0.325528141102442,0.23378052262473958,0.020692478018364463,0.006314742239450719,0.02700722025781518,0.233816815620756,0.233816815620756
99.75,0.9908242586229473,0.006621800902909917,0.0025539404741428125,5.584728388359412e-4,0.9696883049347906,0.029753222226373582,0.247193470294294,0.07545167479082839,0.3226451450851224,0.2338534329128747,0.020506703956086947,0.006260547807001084,0.02676725176308803,0.2338883297550316,0.2338883297550316
99.83333333333333,0.9907702727321834,0.00665423585395365,0.0025754914138629076,5.551614106089406e-4,0.9695201328916936,0.02992470569769738,0.24496742465179278,0.07480147257719764,0.31976889722899043,0.23392354048627623,0.02032147473648257,0.006206378217954389,0.026527852954436958,0.23395704992085806,0.23395704992085806
99.91666666666666,0.9907159506453671,0.006686825028281003,0.0025972243263518184,5.518692335259942e-4,0.969350968934214,0.030097161832259918,0.24274796902378892,0.0741516046537077,0.3168995736774966,0.23399086276200087,0.02013679899631871,0.006152239486151611,0.02628903848247032,0.23402299366155815,0.23402299366155815
100,0.9906612901445553,0.006719569108295227,0.002619140747149371,5.485961957474766e-4,0.969180807837048,0.030270595967204536,0.24053520688786012,0.07350214301393097,0.3140373499017911,0.23405541741107322,0.010022300286994171,0.0030625892922471237,0.013084889579241294,0.23402299366155815,0.23402299366155815
