system,world,i_hu,i_hd,i_uh,i_ud,s1_hu,s1_hd,s1_uh,s1_ud,s2_hu,s2_hd,s2_uh,s2_ud
noreturn,1,-6.02501421685031,-8.686566378173499,-27.631021115928547,-4.3466951488492835,0.06883611544120838,0.10493979986927479,0,0.06322199605178558,0.0746297391583359,0.10204353293173177,0,0.07191364292148116
returns,2,-5.5799450249607725,-8.49244305433543,-1.5943640283734382,-4.323730216309902,0.06716962029304237,0.08069470919926343,-0.05950483237434331,0.06765935725110375,0.06414010595869633,0.07942815596035574,-0.054607814740504676,0.07053762431946355
returns,3,-5.312410777494869,-8.504605628746729,-1.4389264451299464,-4.690010505445498,0.04867334987506574,0.11588278834321622,-0.07432624768625871,0.07014961852883374,0.050546619491861004,0.11155831679983509,-0.08156912680923854,0.06876455407469563
returns,4,-5.3966902192944595,-8.725618884777083,-1.4602687297884702,-4.3727528347197415,0.057024144867799866,0.101768906492264,-0.06843693538246236,0.0667908343580486,0.06073205422592282,0.10196738372877573,-0.07105990574750526,0.06923158271771658
returns,5,-5.602231810782417,-8.274633814770972,-1.5397188941011846,-4.627813858182235,0.06250037383147408,0.09604662705417437,-0.0731535958751613,0.07344415208335725,0.0606730890304249,0.09664849890669776,-0.07104390536875142,0.07136423367544953
noreturn,6,-6.019522402999213,-8.571482549055055,-27.631021115928547,-4.506861882608833,0.06631371227594611,0.11248497005985462,0,0.06533735953094423,0.06985336875772229,0.10675611148098445,0,0.07143383710013769
returns,7,-5.542861965285328,-8.610283637850502,-1.5100437177502855,-4.3412863223984015,0.06393240682725636,0.0904644020674087,-0.06778538939765666,0.06749395771597741,0.06328396212364361,0.08972778035103576,-0.0642445216099751,0.069765077013892
returns,8,-5.353586556560048,-8.61508006406456,-1.4501279354907608,-4.531457282822894,0.052363383306881624,0.1123442832079821,-0.07233622523117691,0.06790556902322642,0.054594338439164516,0.11063160396165336,-0.07680971058280414,0.06838650188108203
